user_id,age,isFemale,factual_present,future,past,psychological_present
3115248,27,1,0.0,0.0,0.0,0.0
4885658,31,0,0.0,0.0909,0.0,0.3182
14542197,29,0,0.0441,0.0147,0.0,0.3971
15989908,55,0,0.05,0.0,0.0,0.4667
21217941,18,1,0.1389,0.0,0.0,0.2222
41115848,28,1,0.0377,0.0,0.0,0.5472
45894165,28,0,0.0,0.0,0.0,0.5455
66704677,25,0,0.0968,0.0161,0.0484,0.4032
215838701,25,1,0.0789,0.0,0.0,0.4737
220264085,40,1,0.0,0.0,0.0,0.7059
221199857,46,0,0.0779,0.0,0.0,0.2468
273857008,29,0,0.0476,0.0238,0.0238,0.3333
1000500937,22,0,0.0256,0.0256,0.0256,0.5641
1004241383,27,1,0.0,0.0,0.0,0.4
1004638100,40,1,0.0,0.0,0.0,0.4412
1005786351,20,1,0.1,0.0,0.0,0.3125
1006366201,26,1,0.0056,0.0056,0.0169,0.5787
1008556744,34,1,0.08,0.0,0.0,0.4667
1009902493,33,0,0.0504,0.0144,0.0216,0.3309
1012506133,45,0,0.0521,0.0,0.0104,0.4479
1015094423,21,1,0.0062,0.0186,0.0248,0.5901
1015686560,30,0,0.0263,0.0,0.0,0.5702
1018801701,27,1,0.1026,0.0256,0.0256,0.3077
1026695181,25,0,0.0179,0.0,0.0,0.3929
1027566830,34,1,0.0294,0.0,0.0147,0.5735
1028363295,25,1,0.0114,0.0114,0.0,0.4318
1031055042,32,0,0.0256,0.0256,0.0,0.4872
1031598227,23,0,0.0435,0.0,0.0,0.4783
1032247327,22,1,0.0367,0.0,0.0,0.6239
1032724683,36,0,0.0175,0.0,0.0,0.5789
1037260582,29,1,0.0615,0.0154,0.0,0.5231
1037650627,34,0,0.0548,0.0,0.0137,0.589
1038801695,23,0,0.0189,0.0,0.0,0.3019
1043555994,35,0,0.0,0.0,0.0,0.4762
1043648367,36,1,0.1429,0.0,0.0,0.4107
1044061641,47,0,0.0,0.0,0.0,0.9
1045049544,24,1,0.1013,0.0,0.0,0.4684
1045220501,30,1,0.0571,0.0,0.0286,0.0571
1045496947,32,0,0.1,0.0,0.0333,0.1667
1045666674,32,0,0.0313,0.0,0.0,0.375
1045817497,32,0,0.0,0.0,0.0,0.1
1045843507,24,0,0.0455,0.0,0.0,0.4545
1046042017,36,0,0.0,0.0,0.0,0.3182
1046843943,29,1,0.0,0.0,0.0,0.4865
1047446465,19,0,0.0,0.0278,0.0,0.5278
1047784185,38,0,0.0325,0.0,0.0,0.3008
1048924315,31,1,0.028,0.0,0.0,0.486
1049029017,19,1,0.1099,0.044,0.011,0.4066
1049150615,28,0,0.0,0.0,0.0,0.5854
1051359283,22,1,0.0435,0.0,0.0,0.5304
1051422872,27,1,0.0638,0.0426,0.0,0.383
1052477083,31,0,0.0,0.0714,0.0,0.2143
1052543691,25,1,0.0698,0.0,0.0,0.4767
1053511205,29,1,0.0305,0.0,0.0,0.3664
1053657455,25,1,0.0811,0.0,0.0,0.2973
1053895574,19,0,0.1089,0.0099,0.0,0.3762
1054762440,31,1,0.0847,0.0,0.0169,0.4237
1055694453,26,1,0.0,0.0,0.0,0.375
1056785814,29,1,0.0,0.0152,0.0,0.5909
1057366687,21,0,0.0121,0.0,0.0,0.2909
1058402544,26,1,0.1067,0.0,0.0,0.2933
1059757252,30,0,0.0,0.0,0.0,0.5
1061054667,26,1,0.0102,0.0153,0.0051,0.7143
1062001173,26,0,0.0909,0.0,0.0,0.5
1062301635,38,0,0.0079,0.0,0.0,0.4683
1062727920,32,0,0.0,0.0385,0.0,0.4231
1063024415,29,1,0.0,0.0,0.0,0.3438
1063049712,25,1,0.0,0.0,0.0,0.4762
1063736733,34,0,0.0145,0.0145,0.0072,0.6014
1064042400,29,0,0.011,0.0,0.0,0.4286
1064475252,33,1,0.0,0.0,0.0,0.4595
1065458227,28,0,0.0667,0.0,0.0333,0.3333
1065686767,22,0,0.0,0.0,0.0,0.44
1066476182,22,1,0.0,0.0,0.0,0.619
1066583191,29,0,0.0658,0.0132,0.0,0.4211
1066591602,25,0,0.0303,0.0,0.0,0.6364
1066670530,26,1,0.0137,0.0,0.0,0.4521
1066874617,29,0,0.0173,0.0058,0.0,0.5029
1067197332,28,0,0.0,0.0,0.0,0.6
1067268403,24,1,0.0714,0.0159,0.0,0.4444
1068057807,31,0,0.0526,0.0526,0.0,0.4211
1068224031,29,0,0.0,0.0,0.0,0.5161
1068812837,43,0,0.0978,0.0,0.0,0.163
1070654151,28,0,0.0,0.0082,0.0,0.3607
1071583217,25,1,0.0204,0.0,0.0,0.3878
1072177052,28,0,0.0159,0.0,0.0,0.4762
1072430195,29,0,0.05,0.0,0.0,0.4
1073165171,30,0,0.0196,0.0,0.0,0.4902
1073447437,28,0,0.0674,0.0,0.0,0.1011
1074745073,25,0,0.04,0.0,0.0,0.36
1076165491,25,1,0.0242,0.0061,0.0061,0.6303
1079108593,25,1,0.08,0.0,0.0,0.32
1079309350,35,0,0.1129,0.0,0.0,0.4677
1081116613,28,0,0.0,0.0,0.0,0.6129
1081455044,20,1,0.0357,0.0,0.0357,0.5357
1081513997,25,1,0.3182,0.0,0.0455,0.4545
1081795487,22,1,0.0,0.0,0.0,0.7059
1081893275,24,0,0.0103,0.0051,0.0,0.5179
1081946863,25,1,0.0714,0.0,0.0238,0.5
1081984415,46,0,0.1765,0.0,0.0,0.2353
1082405925,22,0,0.0145,0.0,0.0145,0.5942
1082440644,29,1,0.0256,0.0,0.0,0.5385
1082831653,23,1,0.1111,0.037,0.0,0.2963
1083032351,37,1,0.0909,0.0101,0.0101,0.4242
1083449365,32,1,0.0297,0.0,0.0099,0.2574
1084308633,28,0,0.0079,0.0,0.0079,0.5669
1085607541,26,0,0.037,0.037,0.0,0.6667
1085976101,31,0,0.012,0.0,0.0,0.8554
1086170661,29,0,0.0323,0.0161,0.0,0.6613
1086778783,22,0,0.05,0.0,0.0,0.75
1086815644,24,1,0.0055,0.0,0.0,0.6557
1087980537,30,0,0.0,0.0,0.0,0.2609
1088201373,26,1,0.0,0.0,0.0,0.7692
1089262321,22,0,0.0556,0.0,0.0278,0.6944
1092685507,38,0,0.0,0.0,0.0,0.6667
1093244655,30,0,0.1364,0.0,0.0,0.5
1094438384,33,0,0.0,0.0,0.0,0.4211
1095085472,27,0,0.0,0.0,0.0,0.5556
1095151000,28,0,0.0208,0.0,0.0,0.3958
1095198147,23,1,0.0286,0.0286,0.0,0.5143
1095478937,25,1,0.2165,0.0103,0.0,0.2577
1096407190,25,0,0.0083,0.0,0.0,0.475
1096890014,33,0,0.0476,0.0952,0.0,0.4048
1096923895,21,1,0.0,0.0385,0.0,0.5385
1096954520,31,0,0.0417,0.0,0.0,0.5833
1096970994,29,1,0.0206,0.0,0.0,0.5773
1097651352,22,0,0.0698,0.0116,0.0116,0.4419
1098280853,29,1,0.1504,0.0,0.0,0.406
1099457943,25,0,0.0321,0.0,0.0,0.5321
1099476721,30,1,0.0345,0.0,0.0115,0.3563
1099509991,17,0,0.02,0.005,0.02,0.66
1099681427,28,1,0.0893,0.0,0.0,0.3036
1104893300,26,0,0.0,0.0,0.0,0.5781
1104908583,29,0,0.0,0.0,0.0,0.6296
1106258114,32,0,0.0,0.0,0.0,0.7324
1106636232,28,1,0.1628,0.0,0.0,0.4651
1108991472,20,1,0.0105,0.0,0.0211,0.6
1109403547,23,1,0.0,0.0,0.0,0.7121
1112092872,38,0,0.0,0.0,0.0,0.5
1112229021,40,0,0.0,0.0,0.0105,0.1368
1115958645,31,1,0.0351,0.0,0.0175,0.386
1116489373,51,0,0.0667,0.0,0.0,0.3667
1116940301,42,0,0.0,0.0,0.0,0.3784
1118249113,22,1,0.0331,0.0,0.0,0.558
1120091765,31,0,0.1143,0.0571,0.0571,0.5429
1130114287,36,0,0.0164,0.0164,0.0164,0.1967
1130673522,44,0,0.0,0.0,0.0163,0.5122
1131086584,29,0,0.0,0.037,0.037,0.3333
1131155101,28,1,0.046,0.0,0.023,0.5862
1131569055,23,1,0.0323,0.0,0.0,0.5161
1132277704,22,1,0.06,0.0,0.06,0.36
1132410050,43,0,0.0359,0.0,0.006,0.2994
1135199133,26,1,0.12,0.0,0.0,0.48
1135679637,28,1,0.0,0.0,0.0,0.7241
1136319950,33,1,0.0,0.0,0.0,0.7188
1136802071,23,1,0.0,0.0,0.0,0.5862
1136973764,32,1,0.087,0.0,0.0,0.3043
1137103261,24,1,0.0345,0.0172,0.0,0.6638
1140668155,29,1,0.0117,0.0117,0.0117,0.4737
1141266683,25,0,0.0211,0.0,0.0105,0.4895
1143768181,35,1,0.0549,0.0,0.011,0.4066
1144536005,32,1,0.0,0.0,0.0,0.5714
1145543455,34,0,0.0123,0.0,0.0062,0.4074
1146759574,31,0,0.0588,0.0,0.0,0.5588
1147281383,21,1,0.0385,0.0,0.0,0.75
1147907891,28,0,0.0128,0.0,0.0128,0.3974
1149259933,28,0,0.0146,0.0049,0.0098,0.5073
1150947053,14,0,0.0943,0.0,0.0189,0.4528
1151002917,43,1,0.0,0.06,0.06,0.36
1151173234,21,0,0.0,0.0175,0.0351,0.5263
1151450093,30,1,0.027,0.0,0.0811,0.4324
1151453425,28,0,0.0,0.02,0.0,0.74
1152144167,25,0,0.0164,0.0164,0.0,0.5082
1152615830,29,0,0.0067,0.0067,0.0133,0.3067
1153189013,24,0,0.0054,0.0,0.0054,0.4194
1153734304,35,0,0.0938,0.0313,0.0,0.3438
1153786995,17,0,0.025,0.0,0.0,0.7
1155350933,42,0,0.0,0.0,0.0,0.7742
1156454393,28,0,0.05,0.0,0.0,0.675
1157443575,27,1,0.0606,0.0,0.0,0.5758
1159021207,24,0,0.0461,0.0092,0.0092,0.4101
1160855704,21,1,0.0313,0.0,0.0,0.5
1163170710,22,1,0.0652,0.0,0.0,0.5217
1163799453,28,1,0.0455,0.0,0.0,0.4091
1165620430,30,0,0.0105,0.0,0.0,0.4947
1166969591,31,0,0.0067,0.0,0.0134,0.6174
1167576513,34,1,0.0,0.0,0.0,0.7895
1169391252,27,1,0.0526,0.0,0.0263,0.2632
1169424243,27,0,0.0732,0.0,0.0488,0.4878
1170266050,23,1,0.0309,0.0,0.0,0.5155
1170376981,31,0,0.0571,0.0,0.0,0.7429
1170807091,30,1,0.0044,0.0,0.0089,0.6133
1172984265,25,0,0.0259,0.0,0.0086,0.4397
1173740581,27,1,0.0556,0.0,0.0278,0.4167
1174140865,27,1,0.0469,0.0156,0.0,0.4688
1175326104,28,0,0.1053,0.0,0.0,0.4211
1175923097,20,1,0.0319,0.0053,0.0053,0.6277
1176282617,24,0,0.0,0.025,0.0,0.5
1177397404,25,1,0.0965,0.0351,0.0263,0.4474
1179526651,68,0,0.0252,0.0,0.0084,0.5546
1181560883,27,1,0.0179,0.0,0.0,0.6786
1182082504,26,1,0.0702,0.0175,0.0,0.4737
1183394043,29,1,0.015,0.01,0.005,0.495
1183568165,25,1,0.0625,0.0104,0.0104,0.5208
1184476910,24,1,0.0,0.0,0.0238,0.6667
1185008531,29,1,0.0211,0.0105,0.0,0.6947
1187870957,31,1,0.0244,0.0,0.0,0.4634
1189813622,29,0,0.0,0.0,0.0,0.5405
1190062274,31,1,0.0,0.0,0.0,0.575
1190354330,27,1,0.0,0.0,0.0,0.4737
1191722765,21,0,0.0377,0.0,0.0,0.8491
1191884911,35,0,0.0652,0.0217,0.0,0.3043
1191979250,25,1,0.0213,0.0142,0.0,0.5603
1192028155,28,1,0.0,0.0,0.0,0.52
1192725150,25,1,0.0343,0.0,0.0062,0.5732
1195187231,31,1,0.0303,0.0,0.0152,0.3939
1197241204,25,0,0.0949,0.0146,0.0146,0.4307
1197425311,34,0,0.0202,0.0101,0.0,0.5354
1197477013,23,1,0.1,0.0125,0.025,0.4625
1198519270,28,1,0.1792,0.0094,0.0,0.3491
1199090835,17,0,0.0347,0.0,0.0058,0.6243
1199373767,27,0,0.0423,0.0,0.0,0.5915
1199563932,27,0,0.0411,0.0,0.0137,0.4384
1199583217,27,1,0.0189,0.0,0.0,0.283
1200260980,30,1,0.0,0.0222,0.0,0.5111
1201489165,34,0,0.2,0.0381,0.0,0.2762
1204511642,34,0,0.0986,0.0,0.0,0.3239
1204912791,58,1,0.0273,0.0,0.0,0.5045
1206056642,23,1,0.0313,0.0313,0.0,0.5313
1210002470,30,0,0.125,0.0,0.0,0.25
1210630850,29,1,0.0316,0.0211,0.0316,0.4105
1210789111,31,1,0.0313,0.0313,0.0313,0.5
1210881264,27,1,0.0952,0.0,0.0,0.381
1211804173,27,1,0.0,0.0,0.0,0.5111
1212516764,30,1,0.0333,0.0,0.0,0.4667
1212770963,25,1,0.0,0.0,0.0,0.4194
1212953752,36,1,0.0,0.0,0.0294,0.5
1213387295,25,0,0.0,0.0,0.0,0.48
1213511285,24,1,0.08,0.0,0.0,0.44
1213663382,27,1,0.0333,0.0,0.0056,0.4833
1214072115,25,1,0.102,0.0,0.0,0.449
1214263747,27,0,0.0,0.0,0.0256,0.7436
1214388892,33,1,0.0581,0.0116,0.0116,0.5
1214697622,23,1,0.0227,0.0,0.0227,0.5114
1214699635,27,0,0.0,0.0,0.0,0.6429
1215385887,27,0,0.0,0.0,0.0,0.5833
1215617557,25,1,0.1692,0.0154,0.0154,0.3385
1215744370,34,1,0.0345,0.0345,0.0,0.6552
1216058012,24,1,0.0625,0.0208,0.0,0.5417
1216482672,34,1,0.0,0.0061,0.0,0.4695
1216706451,28,1,0.0319,0.0106,0.0,0.4362
1216745200,39,0,0.3667,0.0,0.0167,0.1
1216790807,44,1,0.025,0.0,0.0,0.95
1216866967,25,1,0.08,0.0,0.04,0.32
1217161621,32,0,0.0505,0.0202,0.0,0.2525
1217247253,28,1,0.0455,0.0,0.0,0.5909
1217519590,32,0,0.0176,0.0,0.0059,0.6588
1217616111,29,0,0.0079,0.0,0.0317,0.381
1218065103,29,0,0.0,0.0,0.0,0.4478
1218145045,27,0,0.033,0.011,0.011,0.4066
1218311654,28,1,0.0357,0.0214,0.0214,0.5071
1218534042,25,1,0.0612,0.0,0.0,0.6122
1218664997,27,0,0.0833,0.0,0.0,0.375
1218856441,28,1,0.1429,0.0,0.0,0.4286
1219284247,29,1,0.02,0.0,0.0133,0.5067
1219528133,32,0,0.0952,0.0,0.0238,0.2619
1219850395,46,0,0.0678,0.0,0.0,0.2034
1220512373,32,0,0.0556,0.0,0.0,0.3704
1220575897,31,1,0.0,0.0,0.0,0.2917
1220896751,30,1,0.3864,0.0227,0.0,0.25
1220949193,27,1,0.0213,0.0319,0.0,0.7021
1221224864,26,0,0.0351,0.0175,0.0,0.3509
1221478603,24,1,0.0,0.0,0.0435,0.1304
1221675380,32,1,0.1034,0.0,0.0345,0.4483
1221714072,25,1,0.0263,0.0,0.0,0.6053
1221727214,27,0,0.0087,0.0087,0.0087,0.5391
1222082420,40,1,0.0392,0.0196,0.0196,0.451
1222471975,44,0,0.1235,0.0123,0.0123,0.4321
1223083637,32,0,0.0114,0.0114,0.0227,0.3977
1223202847,28,0,0.0,0.0,0.0,0.5484
1223430383,32,1,0.0522,0.0,0.0,0.4478
1223974904,24,0,0.0,0.0,0.0,0.4667
1224612553,25,1,0.0339,0.0,0.0,0.7119
1224886170,30,0,0.0,0.0,0.0,0.3793
1224922772,30,1,0.0556,0.0185,0.0,0.5741
1225023213,26,1,0.0296,0.0,0.0,0.6444
1225215137,32,0,0.0214,0.0053,0.0053,0.5829
1225260661,28,1,0.0182,0.0364,0.0,0.6
1225486321,38,1,0.034,0.0136,0.0136,0.517
1225557030,31,0,0.0,0.0,0.0278,0.4167
1225905354,19,1,0.0,0.0,0.0,0.6923
1225925413,36,1,0.0,0.0,0.0,0.5
1226030452,56,0,0.1711,0.0,0.0,0.25
1226268573,22,0,0.0,0.0,0.0,0.4
1226430617,33,0,0.0114,0.0,0.0114,0.3523
1226466811,36,0,0.01,0.0,0.0,0.2687
1226643352,35,0,0.0185,0.0093,0.0,0.3981
1226927344,27,1,0.0714,0.0,0.0,0.4762
1226969032,25,1,0.0968,0.0,0.0,0.3871
1227405774,28,1,0.0189,0.0189,0.0,0.4906
1227444340,24,1,0.0625,0.0278,0.0069,0.4444
1227963034,24,0,0.0714,0.0,0.0,0.4286
1228268947,38,1,0.0,0.0,0.0,0.3953
1228383471,29,0,0.0769,0.0,0.0,0.5
1228802967,36,1,0.1806,0.0,0.0278,0.3889
1228876083,25,1,0.146,0.0292,0.0073,0.2847
1229144732,18,1,0.0,0.0227,0.0,0.6705
1229335024,30,1,0.037,0.0,0.0,0.2222
1229632151,25,1,0.0333,0.0333,0.0333,0.6
1229811695,27,1,0.0,0.0,0.0,0.6637
1230000331,32,0,0.0,0.0,0.0185,0.5556
1230012613,30,1,0.0222,0.0222,0.0222,0.4889
1230476301,24,1,0.0625,0.0,0.0104,0.5313
1230679063,26,1,0.0727,0.0,0.0364,0.3636
1230766833,28,1,0.1429,0.0,0.0,0.3766
1230836977,27,1,0.0149,0.0,0.0149,0.4627
1231055304,24,0,0.0353,0.0,0.0,0.4941
1231236547,18,1,0.0,0.0,0.0,0.747
1231474925,27,0,0.0122,0.0122,0.0,0.5122
1231612824,25,0,0.0526,0.0263,0.0,0.5263
1232344265,27,0,0.0556,0.0,0.0093,0.75
1232603127,24,0,0.0656,0.041,0.0082,0.5984
1233268887,26,1,0.0492,0.0,0.0,0.623
1233588464,47,0,0.0333,0.0,0.0167,0.3667
1233942510,33,0,0.0526,0.0,0.0,0.3158
1234068720,27,1,0.0625,0.0,0.0938,0.375
1234255903,26,1,0.0,0.0,0.0,0.5263
1235289502,27,1,0.1622,0.027,0.0,0.3243
1235623731,19,1,0.0,0.0,0.0,0.6064
1235756014,53,0,0.0571,0.0095,0.0,0.5429
1236245742,26,1,0.0,0.0,0.0,0.4583
1236692262,23,1,0.0588,0.0294,0.0,0.5
1236805111,26,0,0.0074,0.0,0.0,0.5111
1237102075,31,1,0.0645,0.0161,0.0323,0.6774
1237450101,29,1,0.0374,0.0,0.028,0.5607
1237659661,28,1,0.0541,0.0,0.0,0.5676
1238187515,32,0,0.0513,0.0051,0.0,0.4872
1238481562,29,1,0.0238,0.0238,0.0,0.3571
1239069844,26,1,0.0316,0.0127,0.0,0.5506
1239974803,21,1,0.0181,0.006,0.006,0.6386
1240076745,19,1,0.0268,0.0,0.0,0.4196
1240268182,24,1,0.0571,0.0286,0.0,0.6571
1240556281,27,1,0.1333,0.0667,0.0667,0.3333
1240898162,25,0,0.02,0.02,0.04,0.52
1240906645,26,1,0.1136,0.0,0.0,0.3864
1240958835,21,1,0.0115,0.0038,0.0,0.5385
1241255664,20,0,0.0154,0.0,0.0,0.7154
1241523494,36,0,0.0741,0.0,0.0,0.2222
1241672052,23,1,0.0,0.0139,0.0,0.6528
1242486000,29,1,0.0,0.0,0.0,0.6
1243053722,21,1,0.0,0.0357,0.0,0.4643
1243318257,26,1,0.0682,0.0114,0.0227,0.5
1243479711,24,1,0.0256,0.0,0.0,0.4103
1244062922,26,0,0.0476,0.0,0.0,0.4762
1244110101,25,1,0.0526,0.0,0.0263,0.6053
1244643341,25,0,0.0417,0.0417,0.0,0.4167
1244653207,22,0,0.1556,0.0222,0.0,0.5111
1245039251,30,1,0.0909,0.0,0.0,0.3409
1245335201,27,0,0.0,0.0,0.0,0.6154
1245581287,27,1,0.0441,0.0,0.0,0.5147
1245667123,32,0,0.0227,0.0227,0.0,0.7273
1245750682,24,1,0.0526,0.0,0.0,0.5789
1246228594,19,1,0.0426,0.0,0.0106,0.4468
1246758431,23,1,0.039,0.026,0.013,0.4026
1247959922,26,0,0.0468,0.0058,0.0058,0.3392
1248229351,22,1,0.0959,0.0,0.0137,0.3836
1248399557,24,1,0.1154,0.0,0.0,0.4615
1248647321,31,0,0.0,0.0,0.0,0.7
1249094343,33,1,0.0667,0.0,0.0,0.4167
1249407645,27,1,0.0633,0.0506,0.0253,0.443
1249732845,25,1,0.0795,0.0,0.0,0.5455
1250346992,21,0,0.0134,0.0134,0.0201,0.5034
1250361803,20,1,0.0204,0.0204,0.0,0.5306
1250431903,29,1,0.0278,0.0,0.0,0.4167
1250556452,22,1,0.1,0.025,0.0375,0.35
1250602221,24,0,0.0,0.0,0.0,0.4918
1251223282,26,1,0.0847,0.0,0.0169,0.4237
1251224613,32,0,0.0484,0.0,0.0323,0.5968
1251559143,26,1,0.0345,0.0345,0.0,0.4138
1251664661,22,1,0.0725,0.0,0.0038,0.4046
1251701907,24,1,0.0,0.0,0.0067,0.6533
1252039794,31,0,0.0072,0.0145,0.0072,0.7101
1252182172,25,1,0.0364,0.0182,0.0727,0.3455
1252185025,21,1,0.0102,0.0,0.0102,0.6429
1252251385,28,1,0.0938,0.0,0.0,0.5
1252392431,22,1,0.0,0.0,0.0,0.5476
1252435905,32,1,0.0,0.0,0.0,0.375
1252441760,32,0,0.0,0.0,0.0,0.321
1252562293,21,1,0.1,0.0,0.0,0.4667
1252680352,33,1,0.0747,0.0,0.0,0.3563
1252807437,22,1,0.0758,0.0152,0.0152,0.4091
1253940852,25,0,0.0,0.0,0.0,0.3158
1254413847,38,0,0.2188,0.0,0.0,0.125
1254556063,14,1,0.0455,0.0,0.0,0.4091
1254598183,23,0,0.0645,0.0,0.0,0.4516
1254922277,24,1,0.0,0.0,0.0,0.7711
1257211290,34,1,0.02,0.0,0.0,0.42
1257413835,24,0,0.0247,0.0041,0.0,0.642
1257928343,33,1,0.1509,0.0,0.0,0.283
1258463425,31,1,0.0455,0.0,0.0,0.5227
1258591391,58,1,0.0112,0.0,0.0,0.4719
1258772852,28,0,0.0,0.0526,0.1053,0.2632
1258920717,30,1,0.0588,0.0,0.0196,0.3922
1259304131,27,1,0.1209,0.033,0.011,0.5714
1259880697,26,1,0.0,0.0,0.0,0.6207
1260314015,21,1,0.0161,0.0,0.0242,0.621
1260618291,21,1,0.0191,0.0147,0.0147,0.5758
1260629365,28,1,0.0625,0.0,0.0,0.3542
1261412071,24,0,0.0469,0.0,0.0156,0.5313
1261743647,30,1,0.0568,0.0227,0.0114,0.5568
1262072257,24,0,0.0167,0.0167,0.0333,0.35
1262261744,34,0,0.0741,0.0,0.0,0.2222
1262837991,28,1,0.0225,0.0112,0.0,0.5506
1262915777,27,1,0.0599,0.024,0.0,0.4132
1262931311,20,1,0.0336,0.0,0.0252,0.4538
1264081703,27,1,0.0,0.0,0.0,0.6429
1264374932,27,0,0.0,0.05,0.15,0.25
1264622587,32,1,0.0833,0.0,0.0,0.4583
1264631754,39,1,0.0465,0.0,0.0,0.1744
1264752754,29,1,0.0556,0.0,0.0,0.4444
1264925671,24,1,0.0,0.0,0.0141,0.5775
1265471425,15,0,0.0,0.0,0.0,0.4118
1265498272,22,0,0.102,0.0612,0.0204,0.3673
1265843312,25,0,0.0182,0.0,0.0091,0.5909
1266315927,34,1,0.04,0.04,0.0,0.28
1267880725,25,1,0.0353,0.0118,0.0,0.6235
1268070127,25,1,0.0526,0.0,0.0,0.6842
1268146424,37,0,0.042,0.0,0.0,0.2773
1268367591,24,1,0.0,0.0909,0.0,0.7273
1269431445,33,0,0.0127,0.0,0.0,0.5949
1269964952,31,0,0.025,0.025,0.025,0.5
1270143903,28,0,0.0972,0.0,0.0,0.4028
1270509294,30,0,0.2258,0.0161,0.0161,0.2581
1271400901,18,1,0.0175,0.0,0.0,0.6842
1272409080,28,0,0.125,0.0,0.0125,0.275
1273072837,42,0,0.0185,0.0,0.0,0.2963
1273094693,25,0,0.0,0.0,0.1071,0.2857
1273193493,27,0,0.0,0.0,0.0,0.5
1273475010,25,1,0.0,0.0,0.013,0.7013
1273899425,26,1,0.0149,0.0149,0.0,0.5373
1274177737,29,0,0.0513,0.0128,0.0,0.4615
1274833564,23,0,0.0333,0.0,0.0,0.4
1275171744,35,0,0.0,0.0204,0.0,0.4694
1275239911,21,1,0.0278,0.0,0.0278,0.5
1275281971,25,1,0.042,0.014,0.014,0.4755
1275653682,32,0,0.027,0.0,0.0,0.2162
1276035735,24,0,0.0769,0.0,0.0,0.3846
1276103061,29,1,0.2,0.0,0.0,0.2667
1276286914,27,1,0.0284,0.0047,0.0,0.6256
1276322504,31,1,0.0692,0.0154,0.0,0.3538
1276343195,28,0,0.0208,0.0,0.0,0.3958
1276819317,25,0,0.0,0.0,0.0,0.5455
1276927014,32,1,0.0,0.0909,0.0,0.5455
1277267657,32,1,0.0132,0.0132,0.0263,0.5789
1277891481,29,1,0.125,0.0,0.0,0.375
1277955275,28,1,0.0,0.0,0.0,0.5
1278355440,22,1,0.0163,0.0,0.0081,0.5772
1278504205,26,0,0.0244,0.0244,0.0,0.1463
1278657527,25,0,0.061,0.0122,0.0,0.5488
1278773960,28,0,0.0307,0.0245,0.0123,0.5153
1278951445,29,1,0.0345,0.0,0.0,0.5
1279207461,27,0,0.0774,0.0,0.0179,0.4821
1279788960,27,1,0.0,0.0,0.0,0.6207
1279946697,26,1,0.0,0.0,0.0,0.52
1280440304,22,1,0.0345,0.0345,0.0,0.4483
1280498370,21,1,0.0222,0.0,0.0,0.4444
1280744742,25,1,0.0,0.0,0.0,0.7222
1281665474,23,1,0.0094,0.0047,0.0,0.7217
1281760664,22,0,0.038,0.0,0.0063,0.462
1281808590,26,1,0.0813,0.0,0.0081,0.4959
1282173747,26,1,0.0952,0.0119,0.0119,0.5119
1282389030,24,1,0.0537,0.0207,0.0,0.5372
1283022885,27,1,0.0237,0.0118,0.0,0.5503
1283058994,27,1,0.1707,0.0,0.0244,0.4878
1283206607,32,0,0.0,0.0,0.0,0.9512
1283732757,24,0,0.1039,0.013,0.013,0.3636
1283999015,27,0,0.0678,0.0339,0.0,0.339
1284715163,24,1,0.0098,0.0,0.0,0.6863
1284814064,35,0,0.0833,0.0,0.0,0.2051
1285762970,51,1,0.0167,0.0,0.0167,0.1833
1285990515,22,1,0.1463,0.0,0.0,0.2195
1286028741,26,0,0.0361,0.012,0.0,0.3735
1286618783,26,0,0.1042,0.0208,0.0,0.4792
1286664242,39,1,0.0759,0.0,0.0,0.443
1286942871,27,1,0.0,0.0,0.0,0.68
1286996967,35,1,0.0,0.0,0.0,0.5517
1287599264,34,1,0.1154,0.0385,0.0385,0.1923
1287858197,27,0,0.0357,0.0,0.0,0.3214
1288033397,29,1,0.0545,0.0,0.0182,0.6182
1288396271,27,1,0.0333,0.0333,0.0,0.4
1289130990,32,1,0.0,0.0,0.0,0.6486
1289133717,33,0,0.0263,0.0,0.0,0.2895
1289325427,29,1,0.1,0.0,0.0,0.3667
1289508631,25,1,0.0202,0.0202,0.0202,0.3838
1290101752,26,0,0.0986,0.0,0.0282,0.4366
1291127021,23,0,0.0476,0.0,0.0,0.381
1291364512,27,1,0.0549,0.0,0.011,0.4066
1291461023,25,1,0.0,0.0213,0.0,0.5532
1292317643,23,0,0.0,0.0313,0.0,0.7188
1293097845,28,0,0.0,0.0,0.0233,0.6279
1293349022,37,0,0.0,0.0,0.027,0.8108
1293683704,24,0,0.0313,0.0,0.0313,0.8125
1293931161,31,1,0.1389,0.0,0.0208,0.2708
1294706845,31,1,0.0541,0.0,0.0,0.4054
1294777240,22,0,0.043,0.0,0.0,0.4624
1295029960,24,0,0.0654,0.0,0.0,0.3645
1295052704,35,1,0.08,0.0,0.04,0.36
1295463731,28,1,0.0,0.026,0.013,0.4675
1296034964,26,1,0.0179,0.0357,0.0,0.6786
1296469615,31,0,0.0083,0.0,0.0,0.4417
1296638323,25,1,0.0303,0.0,0.0,0.5758
1296937110,30,0,0.0136,0.0068,0.0,0.5986
1296943853,26,1,0.0374,0.0,0.0,0.5981
1297629335,23,1,0.0435,0.0435,0.0,0.6522
1297935264,26,1,0.0171,0.0,0.0,0.4615
1298212214,26,1,0.0,0.0,0.0,0.6111
1298330860,22,1,0.1633,0.0,0.0,0.5306
1298371323,31,1,0.0,0.0,0.0,0.6207
1298374382,25,1,0.0267,0.0,0.0,0.54
1298605095,26,0,0.0345,0.0517,0.0345,0.5345
1298769702,26,1,0.1613,0.0,0.0,0.3548
1298988402,26,1,0.2391,0.0,0.0217,0.3261
1299210291,21,1,0.0734,0.0183,0.0092,0.2477
1299471607,23,0,0.0656,0.0164,0.0656,0.3443
1299796634,26,1,0.05,0.0083,0.0083,0.4417
1299867763,26,0,0.1707,0.0,0.0,0.2439
1300176277,22,1,0.08,0.016,0.016,0.344
1300367557,30,1,0.0377,0.0,0.0,0.5283
1300809332,32,1,0.0759,0.0127,0.0,0.5063
1301121691,29,0,0.1316,0.0,0.0,0.5
1301263562,25,0,0.025,0.0,0.0,0.7
1301559287,24,1,0.0217,0.0,0.0,0.663
1302087577,23,0,0.0294,0.0196,0.0098,0.4314
1302550475,29,0,0.0738,0.0,0.0,0.4016
1302798533,37,1,0.0909,0.0,0.0,0.4091
1303599771,26,1,0.0,0.0,0.0,0.7067
1303674875,27,1,0.0286,0.0,0.0,0.5429
1303709813,31,0,0.0222,0.0,0.0,0.3778
1303891137,26,0,0.0676,0.0068,0.0,0.4122
1304065225,22,1,0.0127,0.0,0.0,0.5949
1304508135,26,1,0.096,0.008,0.0,0.376
1304577527,24,1,0.0444,0.0,0.0111,0.4611
1304722151,25,1,0.05,0.0,0.0,0.475
1304914883,26,1,0.0,0.0,0.0,0.4
1304979093,30,1,0.0882,0.0,0.0,0.4412
1305602720,26,1,0.0,0.0,0.0,0.2632
1305917554,28,1,0.0625,0.0,0.0313,0.2813
1306144237,26,1,0.0118,0.0353,0.0118,0.6706
1306253975,24,1,0.0052,0.0209,0.0105,0.6597
1306975944,22,1,0.0366,0.0,0.0,0.3537
1307377560,23,0,0.0,0.0,0.037,0.5185
1307379913,27,1,0.0709,0.0,0.0157,0.4331
1308723607,28,1,0.0556,0.0,0.0,0.5
1308892062,26,0,0.0541,0.0,0.0,0.2973
1309224602,25,0,0.0147,0.0147,0.0,0.5441
1309373223,54,1,0.0,0.0208,0.0,0.5625
1309859783,25,1,0.1458,0.0833,0.0,0.375
1310072991,33,1,0.1154,0.0,0.0,0.4231
1310196123,26,1,0.0119,0.0119,0.0119,0.7619
1311076505,28,1,0.2222,0.0,0.0556,0.2222
1311174084,27,1,0.0185,0.0185,0.0185,0.4444
1311983847,22,1,0.0769,0.0,0.0,0.3077
1312866802,27,1,0.0641,0.0,0.0128,0.3846
1313310695,27,0,0.0471,0.0,0.0,0.2118
1313896820,25,1,0.069,0.0,0.0,0.3448
1313960651,23,1,0.0789,0.0,0.0263,0.5263
1314226424,27,0,0.0,0.0,0.0,0.35
1314632601,23,0,0.0222,0.0444,0.0,0.6222
1316164255,28,1,0.0213,0.0426,0.0213,0.5957
1316304365,48,0,0.0,0.0,0.0172,0.2241
1317352087,27,1,0.0272,0.0068,0.0,0.4422
1317874453,25,1,0.0171,0.0,0.0,0.547
1319385241,25,1,0.0069,0.0,0.0,0.6111
1319586200,29,0,0.0189,0.0,0.0,0.4151
1320141845,32,0,0.0183,0.0275,0.0367,0.5505
1321074335,29,0,0.1364,0.0152,0.0,0.4848
1322050415,19,1,0.0595,0.006,0.0,0.4583
1322706847,21,1,0.0206,0.0103,0.0103,0.3918
1323135683,21,1,0.0909,0.0,0.0455,0.2727
1324151492,26,1,0.0526,0.0,0.0,0.3684
1333112181,27,1,0.1489,0.0,0.0,0.4681
1334684104,27,1,0.0,0.0,0.0,0.6
1334806431,25,1,0.0,0.0,0.0,0.4615
1336335117,39,0,0.0339,0.0,0.0,0.3559
1336670100,24,1,0.0182,0.0182,0.0182,0.6727
1336743921,26,1,0.0645,0.0,0.0,0.2258
1336978837,58,0,0.0667,0.0,0.0,0.3
1337252345,26,0,0.0306,0.0,0.0102,0.4388
1337934492,23,0,0.0,0.0,0.0,0.5
1339831053,23,0,0.0175,0.0,0.0,0.5263
1340030111,24,1,0.0882,0.0,0.0,0.5294
1340866710,29,0,0.0408,0.0,0.0204,0.6327
1342025115,26,0,0.0476,0.0,0.0,0.2619
1342376054,25,1,0.0692,0.0154,0.0154,0.5385
1342664213,30,0,0.0417,0.0,0.0,0.5417
1343234245,34,1,0.0805,0.0,0.0134,0.5101
1343236254,22,1,0.1148,0.0164,0.0164,0.3934
1344128415,22,1,0.0303,0.0,0.0,0.6061
1344652660,22,1,0.0588,0.0,0.0,0.6176
1345482644,26,1,0.0213,0.0,0.0,0.5106
1346642584,27,1,0.0781,0.0156,0.0156,0.5469
1347125195,25,0,0.009,0.009,0.0,0.6486
1347613677,42,1,0.1176,0.0,0.0,0.2941
1348113392,23,0,0.0127,0.0253,0.0127,0.5316
1348326813,23,1,0.0,0.0112,0.0,0.7753
1349274480,26,1,0.0296,0.0148,0.0,0.4222
1349347731,17,1,0.0313,0.0,0.0,0.625
1349441952,20,1,0.0222,0.0222,0.0,0.4667
1349680407,34,0,0.0,0.0,0.0,0.3235
1350816763,25,1,0.0571,0.0286,0.0,0.4571
1351481204,26,1,0.2381,0.0238,0.0,0.4048
1352996214,23,0,0.0196,0.0,0.0,0.598
1353225765,24,1,0.0377,0.0,0.0,0.5283
1353589143,23,1,0.1341,0.0122,0.0122,0.4024
1354661827,24,1,0.0,0.0,0.0,0.7879
1354892271,27,0,0.0252,0.0,0.0,0.5031
1355308147,25,1,0.0244,0.0244,0.0,0.439
1356157335,30,1,0.023,0.0115,0.0,0.5172
1356557983,23,1,0.0465,0.0,0.0,0.3721
1356748813,26,1,0.1154,0.0,0.0,0.4615
1356938990,26,1,0.0909,0.0,0.0,0.4242
1358149021,26,1,0.1364,0.0455,0.0,0.4545
1360146114,25,1,0.1136,0.0,0.0,0.2955
1362793883,27,0,0.0,0.0,0.0,0.2742
1364150933,23,1,0.0484,0.0081,0.0,0.5
1364895891,26,1,0.0256,0.0,0.0,0.5385
1365287840,31,1,0.1008,0.0,0.0,0.4186
1367540425,32,0,0.0,0.0,0.0,0.7
1368212237,25,0,0.0455,0.0,0.0,0.3636
1370461892,17,0,0.058,0.0145,0.0145,0.4203
1370718575,15,0,0.0181,0.0,0.0,0.6566
1372670402,20,1,0.0154,0.0154,0.0,0.4769
1373086105,26,1,0.0,0.0,0.0,0.2778
1374524910,26,0,0.1481,0.0,0.037,0.4815
1374632175,20,1,0.1146,0.0052,0.0104,0.4219
1375521950,29,0,0.0276,0.0069,0.0,0.4483
1375526811,24,1,0.0395,0.0,0.0,0.25
1376220173,44,0,0.0129,0.0129,0.0194,0.529
1376970612,27,1,0.0667,0.0,0.0,0.4
1377794451,22,0,0.0,0.0,0.0,0.64
1379119474,24,1,0.0667,0.0,0.0,0.4
1381013231,21,0,0.0641,0.0,0.0,0.4359
1381140775,26,1,0.0144,0.0072,0.0144,0.4245
1391580911,19,1,0.05,0.025,0.0125,0.5125
1392020375,25,1,0.0,0.0,0.0,0.2727
1392038593,29,1,0.0645,0.0,0.0,0.5806
1392591863,29,0,0.0635,0.0,0.0317,0.5556
1393329303,28,1,0.0377,0.0377,0.0,0.434
1394414834,24,1,0.1912,0.0147,0.0,0.2353
1396767127,30,1,0.0217,0.0,0.0,0.4565
1396816754,25,1,0.0938,0.0313,0.0313,0.4375
1397175575,25,1,0.0,0.0,0.0,0.6786
1397586162,24,1,0.0053,0.0,0.0053,0.6417
1398349982,20,0,0.007,0.0,0.0,0.6154
1399110350,24,1,0.0917,0.0083,0.0083,0.425
1400207817,35,0,0.0189,0.0063,0.0063,0.3774
1400272691,36,0,0.0244,0.0244,0.0732,0.1951
1400521455,40,0,0.0417,0.0,0.0,0.3333
1400794524,43,0,0.1707,0.0,0.0,0.374
1401301110,47,0,0.0429,0.0143,0.0,0.4143
1401658741,33,0,0.0588,0.0147,0.0294,0.3235
1401737741,33,0,0.0435,0.0435,0.0217,0.3261
1401971447,33,1,0.02,0.0,0.04,0.44
1402434242,31,0,0.0833,0.0,0.0313,0.4583
1402664607,30,0,0.0,0.0,0.0,0.7333
1402936264,32,0,0.0,0.0,0.0,0.4706
1403787933,34,0,0.0196,0.0,0.0,0.3529
1404274071,33,1,0.041,0.0,0.0082,0.541
1404867103,34,1,0.0233,0.0,0.0233,0.3488
1405097493,36,0,0.0407,0.0,0.0,0.2683
1405678450,38,0,0.0,0.0,0.0,0.6667
1406451697,34,0,0.0,0.0,0.006,0.3675
1406734197,32,0,0.0,0.0,0.0,0.2045
1406903962,42,0,0.0133,0.0,0.0,0.64
1407670511,31,0,0.0,0.0,0.0,0.5833
1407937062,24,1,0.0,0.0,0.0,0.2857
1408804761,34,1,0.0,0.0,0.0,0.4444
1409124243,31,1,0.0579,0.0425,0.0154,0.5483
1409173913,32,1,0.0,0.0,0.0313,0.5
1409307375,40,1,0.0,0.0,0.1111,0.1667
1409753583,33,1,0.0137,0.0,0.0,0.5479
1409802135,33,1,0.0625,0.0,0.0,0.5625
1410138010,49,1,0.05,0.0,0.0,0.5
1410239015,33,1,0.1905,0.0,0.0,0.2619
1410853357,43,1,0.1,0.0,0.0,0.2667
1410869742,41,1,0.0278,0.0,0.0139,0.2361
1411111831,34,0,0.028,0.0093,0.0,0.1776
1411257504,27,0,0.0212,0.0,0.0053,0.3915
1412987955,31,1,0.1579,0.0,0.0,0.4211
1412996344,33,1,0.0,0.0112,0.0225,0.2247
1413269185,32,0,0.0,0.0,0.0213,0.383
1413895583,30,1,0.0,0.0,0.0,0.8036
1414582431,29,0,0.0,0.0,0.0,0.275
1415296671,32,1,0.0,0.0133,0.0133,0.68
1415712971,31,1,0.0714,0.0536,0.0,0.625
1416189991,29,1,0.0,0.0,0.0,0.6716
1417285014,30,1,0.0083,0.0,0.0,0.5917
1417793273,33,0,0.0256,0.0,0.0,0.4615
1418644884,66,0,0.2928,0.0,0.0,0.0994
1418679444,31,1,0.0588,0.0,0.0,0.6912
1418780400,31,0,0.0155,0.0,0.0,0.4961
1418781600,42,0,0.0222,0.0,0.0,0.2
1418783995,27,1,0.0,0.0,0.013,0.5065
1420263405,29,1,0.0276,0.0,0.0069,0.4069
1424182131,32,0,0.0526,0.0526,0.0351,0.4561
1425273754,31,0,0.0082,0.0,0.0082,0.418
1425340657,32,1,0.0714,0.0,0.0,0.4643
1425472037,34,0,0.0336,0.0,0.0,0.5042
1427693722,37,1,0.2034,0.0085,0.0169,0.339
1428146335,39,0,0.0408,0.0,0.0,0.4082
1428307352,30,1,0.0,0.0,0.0,0.5909
1428948215,30,0,0.0,0.0,0.0303,0.303
1429104835,33,0,0.0588,0.0118,0.0118,0.5059
1429694704,36,1,0.0,0.0,0.0,0.5172
1429717243,34,1,0.0864,0.0,0.0,0.321
1429793007,24,1,0.0541,0.0,0.0,0.6486
1430687892,30,0,0.0108,0.0,0.0,0.5484
1432917953,35,0,0.0267,0.0044,0.0089,0.44
1434528151,29,0,0.0204,0.0,0.0,0.6122
1434632093,28,1,0.0186,0.0062,0.0124,0.5776
1434649751,29,0,0.0,0.0,0.0492,0.459
1435463445,30,0,0.0,0.0141,0.0141,0.6338
1436401303,20,1,0.0513,0.0,0.0,0.7179
1436466077,32,1,0.0,0.0,0.0,0.5333
1436727783,33,0,0.0625,0.0,0.0,0.3438
1437374324,25,1,0.0174,0.0087,0.0,0.5304
1437569950,23,0,0.0143,0.0,0.0,0.4714
1438352935,29,0,0.0455,0.0227,0.0,0.6364
1438785743,33,1,0.0,0.0,0.0,0.5143
1439066135,45,0,0.0,0.0,0.0,0.2963
1440323991,27,1,0.2444,0.0222,0.0222,0.4
1441465505,35,0,0.0179,0.0,0.0,0.4286
1441794465,22,1,0.0,0.0,0.0,0.5357
1442529730,25,0,0.0,0.0,0.0588,0.4706
1442857503,31,0,0.0,0.0,0.0,0.5238
1443569615,34,0,0.1034,0.0,0.0,0.3103
1444865141,34,0,0.04,0.0,0.005,0.27
1446526003,28,1,0.0,0.0,0.0,0.4706
1447405467,36,0,0.0059,0.0,0.0,0.5471
1448137254,36,0,0.0,0.0,0.0,0.3684
1448901315,36,0,0.0204,0.0102,0.0102,0.398
1449451923,35,0,0.0427,0.0,0.0171,0.7778
1449732803,34,0,0.0723,0.012,0.0,0.3133
1449831370,26,0,0.0,0.0,0.0,0.6471
1450128795,25,0,0.0,0.0,0.0,0.3846
1450223910,26,0,0.0221,0.0294,0.0294,0.6691
1450502044,30,0,0.0213,0.0,0.0106,0.2447
1450888394,38,0,0.0145,0.0036,0.0036,0.2174
1451293944,28,1,0.0,0.0,0.0,0.4737
1451390757,28,1,0.119,0.0238,0.0595,0.4643
1452584564,26,1,0.0,0.0,0.0,0.5
1452935320,35,1,0.0444,0.0222,0.0,0.3778
1454611614,33,1,0.0,0.0,0.0,0.6757
1455045911,25,0,0.0,0.0,0.0,0.6364
1455963415,33,1,0.0,0.0,0.0,0.44
1456389655,32,0,0.0172,0.0,0.0,0.5172
1457165984,29,1,0.0339,0.0,0.0,0.6102
1457535895,30,1,0.0,0.0,0.0,0.2632
1458146200,28,1,0.1429,0.0,0.0,0.4286
1458172400,29,1,0.1304,0.0,0.0435,0.5435
1458313675,29,1,0.0204,0.0,0.0,0.3265
1458421527,28,1,0.1,0.02,0.02,0.26
1458931141,27,1,0.0,0.0,0.0,0.6
1459363997,21,0,0.0242,0.0081,0.0,0.6613
1459791251,34,0,0.0128,0.0,0.0,0.3974
1460031470,37,0,0.0149,0.0,0.0,0.3731
1460322551,28,1,0.0,0.0,0.0,0.6667
1461720853,33,1,0.014,0.0047,0.0,0.5488
1461913337,27,1,0.0286,0.0571,0.0,0.3143
1462067394,57,0,0.0159,0.0,0.0317,0.3651
1462473255,27,1,0.0435,0.0,0.0,0.5217
1462523337,27,1,0.0476,0.0476,0.0,0.4286
1462611175,28,1,0.0471,0.0,0.0,0.6353
1462882807,26,1,0.0217,0.0,0.0435,0.5652
1462964263,26,1,0.027,0.0,0.0,0.4595
1463107577,27,1,0.0865,0.0,0.0,0.5096
1463169227,36,1,0.0,0.0182,0.0182,0.4364
1464675700,28,1,0.0317,0.0,0.0159,0.5556
1464813464,27,0,0.0263,0.0,0.0,0.4605
1465149897,25,1,0.0036,0.0,0.0036,0.6667
1465186205,25,1,0.1818,0.0,0.0303,0.3333
1465565083,27,1,0.0,0.0,0.0,0.625
1465832951,33,0,0.0,0.0,0.0,0.6667
1466249622,36,0,0.2273,0.0,0.0227,0.1591
1467033383,32,0,0.0137,0.0137,0.0137,0.5068
1467559327,27,0,0.0305,0.0122,0.0061,0.2927
1470883597,30,1,0.037,0.037,0.0,0.8519
1473166841,27,1,0.0556,0.0278,0.0,0.4444
1475305703,26,0,0.0333,0.0,0.0333,0.4667
1481681685,26,1,0.0526,0.0,0.0,0.6053
1481877152,27,1,0.1176,0.0235,0.0,0.3294
1482075544,32,0,0.0455,0.0,0.0455,0.5758
1487888022,27,0,0.0313,0.0,0.0,0.4688
1488384152,29,1,0.0,0.0185,0.0,0.4815
1491049365,26,0,0.0169,0.0169,0.0,0.6441
1491439893,29,1,0.0155,0.0078,0.0078,0.5504
1491893195,20,1,0.0313,0.0,0.0,0.5938
1496970647,37,1,0.0365,0.0,0.0,0.3562
1496978800,37,0,0.0,0.0,0.0,0.589
1497040421,38,0,0.0169,0.0,0.0,0.6271
1497309593,35,0,0.0222,0.0,0.0,0.3333
1502042010,24,1,0.1481,0.0,0.0,0.4815
1502074003,24,1,0.0,0.0,0.0,0.4815
1502934990,25,0,0.0143,0.0095,0.0048,0.5333
1503306651,21,1,0.0164,0.0,0.0,0.5246
1503815181,23,0,0.0909,0.0182,0.0,0.4182
1504271255,16,0,0.0952,0.0,0.0,0.4048
1505029743,28,1,0.0,0.0,0.0,0.6
1505239792,27,1,0.0,0.0,0.0345,0.3448
1506424773,21,0,0.0278,0.0139,0.0139,0.4444
1506668325,28,1,0.0,0.0,0.0,0.5263
1508063995,19,1,0.0,0.0,0.0,0.537
1510441711,25,1,0.0179,0.0,0.0,0.4821
1510474224,24,1,0.0685,0.0137,0.0,0.5205
1511161747,22,1,0.0682,0.0,0.0,0.5455
1511423691,44,0,0.1064,0.0213,0.0426,0.234
1511631000,24,1,0.0435,0.0,0.0,0.5435
1511825822,23,1,0.0147,0.0037,0.0037,0.6801
1512009115,46,0,0.0,0.0,0.0,0.4
1519040152,21,1,0.0238,0.0,0.0,0.5595
1519098261,20,1,0.2308,0.0,0.0,0.1385
1520535033,20,1,0.0234,0.0,0.0,0.4211
1525608484,33,1,0.0841,0.0093,0.0,0.5794
1525637523,25,1,0.009,0.0,0.0,0.4234
1526469271,22,1,0.0735,0.0074,0.0,0.5441
1528400120,18,1,0.0,0.0127,0.0127,0.6456
1528417172,26,1,0.0211,0.0,0.0421,0.3895
1528464794,30,1,0.0156,0.0156,0.0078,0.4844
1530159555,25,0,0.2727,0.0,0.0,0.2727
1532253844,24,1,0.0566,0.0,0.0,0.5566
1532894501,21,1,0.0074,0.0,0.0,0.6765
1534688495,24,1,0.0968,0.0161,0.0,0.4677
1535137431,22,0,0.0,0.0,0.0,0.8846
1536077047,22,1,0.01,0.0,0.01,0.59
1536732275,37,1,0.046,0.0,0.023,0.3333
1538152487,25,1,0.0,0.0,0.0182,0.6545
1539046437,44,1,0.2976,0.0119,0.0,0.119
1540163230,21,1,0.0,0.0,0.0,0.3182
1540180261,22,1,0.0833,0.0417,0.0,0.4167
1541056231,22,1,0.0234,0.0,0.0,0.625
1541242607,23,1,0.2333,0.0,0.0,0.3667
1542243825,42,1,0.0952,0.0,0.0,0.2857
1547557367,31,1,0.0,0.0,0.0,0.4615
1547921403,14,1,0.1,0.0,0.0,0.65
1547939607,36,0,0.0,0.0,0.0,0.3333
1548498333,26,1,0.0862,0.0,0.0,0.4483
1549259814,46,0,0.0341,0.0057,0.0,0.1648
1550909170,22,1,0.0238,0.0119,0.0,0.5119
1551643541,27,0,0.0357,0.0357,0.0357,0.6786
1552272635,22,1,0.1,0.025,0.0,0.3875
1553739417,23,0,0.037,0.0,0.0,0.5185
1554181060,26,0,0.05,0.0,0.0167,0.4167
1556878494,30,0,0.0319,0.0426,0.0,0.5532
1557036582,23,1,0.0,0.0,0.0,0.7895
1557263343,26,1,0.0536,0.0,0.0179,0.3929
1558917607,20,1,0.1154,0.0,0.0,0.4615
1559336735,24,1,0.0294,0.0,0.0,0.5882
1559851751,32,1,0.0545,0.0,0.0091,0.2364
1560012701,25,1,0.1613,0.0,0.0,0.3871
1560164552,32,1,0.0,0.0,0.0,0.4
1561022103,20,1,0.1,0.0,0.0,0.25
1561022625,25,1,0.2188,0.0313,0.0,0.2813
1561327141,27,0,0.0787,0.0079,0.0157,0.2677
1561761687,22,1,0.026,0.0,0.0,0.6234
1561987832,47,0,0.0109,0.0,0.0,0.4022
1562338711,22,1,0.0206,0.0,0.0,0.6082
1562546884,33,1,0.0769,0.0,0.0,0.4231
1562973945,45,1,0.1048,0.0,0.0,0.3143
1563172720,45,0,0.0,0.0,0.0,0.3636
1563185820,25,1,0.0,0.0,0.0,0.4
1563244783,24,1,0.0,0.0,0.0235,0.6824
1563577460,27,0,0.0,0.0,0.0455,0.1818
1563644321,23,1,0.0215,0.0108,0.0,0.6559
1563666292,35,1,0.1333,0.0,0.0,0.6
1563844504,21,0,0.0133,0.0,0.0,0.5733
1564106775,27,0,0.0464,0.0,0.0,0.433
1564405751,26,1,0.0198,0.0,0.0099,0.703
1564564217,30,0,0.0256,0.0,0.0,0.3846
1565020564,18,1,0.0559,0.0,0.0062,0.6894
1565048050,25,0,0.0851,0.0,0.0,0.4468
1565245477,24,1,0.375,0.0,0.0114,0.1136
1565348337,25,0,0.0244,0.0244,0.0,0.5122
1565527190,26,0,0.08,0.0,0.0,0.4
1565600754,20,1,0.0435,0.0,0.0,0.3913
1565691542,22,0,0.0143,0.0,0.0,0.6286
1565791975,26,1,0.0,0.0,0.0,0.6667
1566217454,26,0,0.0297,0.0099,0.0,0.4356
1566383097,19,1,0.0,0.0,0.0,0.6667
1567244482,29,1,0.1606,0.0073,0.0073,0.1971
1567334852,27,0,0.0,0.0,0.0,0.2727
1567839644,28,1,0.0,0.0,0.0,0.2955
1568371223,25,0,0.0351,0.0088,0.0175,0.6754
1568802853,34,0,0.05,0.0,0.0,0.2667
1568970394,33,1,0.0168,0.0,0.0056,0.6089
1568997101,26,0,0.0746,0.0448,0.005,0.5473
1569277423,21,1,0.0278,0.0,0.0,0.4861
1570744473,24,1,0.0455,0.0,0.0152,0.4394
1571092340,24,1,0.0625,0.0,0.0,0.375
1571185052,27,0,0.0526,0.0,0.0,0.6316
1571375342,26,1,0.0357,0.0,0.0,0.6071
1571387842,36,0,0.0345,0.0,0.0086,0.4655
1571820703,30,0,0.0349,0.0,0.0116,0.4244
1571958424,22,1,0.0508,0.0,0.0,0.4576
1571991347,26,1,0.0625,0.0208,0.0208,0.4583
1572401043,25,1,0.0294,0.0882,0.0,0.4706
1572911733,19,1,0.0176,0.0118,0.0,0.5529
1573539577,27,0,0.1042,0.0,0.0208,0.3333
1574659054,25,1,0.087,0.0,0.0,0.6087
1574943463,24,1,0.018,0.0045,0.0,0.491
1575563973,26,0,0.1034,0.0345,0.0,0.5172
1575691751,26,0,0.0238,0.0,0.0,0.4762
1575885295,26,0,0.0,0.0,0.0476,0.7143
1576034855,22,1,0.0,0.0,0.0,0.7407
1576952990,21,0,0.1481,0.037,0.0,0.3704
1577001112,17,1,0.0208,0.0,0.0,0.5625
1577203493,35,0,0.0278,0.0,0.0278,0.6944
1577308871,23,1,0.019,0.0,0.0286,0.6095
1577499917,23,1,0.0248,0.0,0.0083,0.5289
1577507095,22,1,0.0233,0.0,0.0,0.6047
1578139174,25,0,0.0125,0.0,0.0125,0.5125
1579099540,29,1,0.0575,0.0038,0.0077,0.433
1579203565,26,1,0.1029,0.0,0.0,0.2647
1579439771,26,1,0.0459,0.0102,0.0051,0.4592
1579888113,18,0,0.0,0.0,0.0,0.6154
1580300311,33,0,0.0,0.0122,0.0,0.9756
1580816027,26,0,0.0,0.0,0.0,0.6
1580945901,31,1,0.0,0.0,0.0,0.5769
1581147040,23,1,0.0556,0.0,0.0,0.3333
1581905263,31,1,0.4848,0.0,0.0,0.1515
1582096800,25,1,0.0,0.0192,0.0192,0.75
1582156024,41,0,0.0968,0.0,0.0,0.3065
1582487534,23,1,0.0968,0.0645,0.0,0.2903
1582587384,23,1,0.0171,0.0,0.0114,0.5886
1582852512,25,1,0.0,0.0,0.0,0.6
1583162517,38,1,0.0,0.0208,0.0208,0.2708
1583246194,25,0,0.0213,0.0213,0.0,0.5532
1584174234,24,1,0.15,0.025,0.0,0.675
1584795925,22,1,0.1481,0.0,0.037,0.2222
1584935621,19,0,0.0227,0.0,0.0,0.4318
1585005304,24,1,0.0,0.0,0.0,0.2381
1585016057,25,1,0.1304,0.0,0.0435,0.4348
1585545882,24,1,0.0155,0.0052,0.0,0.6253
1585735363,25,1,0.0066,0.0,0.0199,0.4371
1586878402,21,1,0.0251,0.0101,0.005,0.5729
1587569913,22,1,0.0315,0.0079,0.0157,0.6299
1587879112,25,1,0.08,0.0,0.0,0.6
1588186991,30,0,0.0,0.0,0.0,0.3947
1588455071,22,1,0.0392,0.0196,0.0,0.3725
1589108731,23,1,0.0417,0.0,0.0,0.5833
1589528561,21,0,0.0208,0.0,0.0,0.6042
1590343060,24,1,0.2241,0.0,0.0,0.1897
1590575895,18,1,0.0,0.0,0.0,0.6471
1590958072,30,1,0.0206,0.0,0.0309,0.4845
1591164611,28,1,0.1207,0.0,0.0,0.431
1592447215,21,1,0.0275,0.0092,0.0183,0.6422
1593172004,22,1,0.0179,0.0,0.0,0.6071
1593927581,18,1,0.0178,0.0,0.0,0.5956
1594189303,24,1,0.0138,0.0046,0.0,0.7202
1594194334,25,0,0.1471,0.0,0.0,0.3235
1594491807,28,1,0.0235,0.0,0.0,0.6353
1594717717,25,1,0.1169,0.0,0.013,0.4286
1594917133,26,1,0.24,0.0,0.0,0.2667
1596201885,24,1,0.0465,0.0,0.0,0.4186
1596883567,26,1,0.0741,0.0123,0.0,0.3827
1598046495,25,1,0.1525,0.0169,0.0,0.322
1598573837,19,1,0.0588,0.0,0.0,0.6471
1598592051,21,1,0.0109,0.0,0.0,0.6413
1599060161,22,1,0.0492,0.0164,0.0,0.4426
1600148720,28,1,0.0256,0.0256,0.0,0.5897
1600278510,24,1,0.0465,0.0,0.0,0.5814
1600358807,14,1,0.0,0.0,0.0323,0.4194
1600855247,22,0,0.0244,0.0244,0.0,0.561
1601158647,19,1,0.0,0.0,0.0435,0.5652
1601186535,23,1,0.0,0.0,0.0625,0.625
1601578434,20,1,0.0385,0.0,0.0,0.5641
1601682291,15,1,0.0244,0.0569,0.0,0.6423
1601811963,25,1,0.0261,0.0,0.0,0.4609
1601907604,29,1,0.0,0.0,0.0,0.5313
1602694597,26,0,0.0377,0.0,0.0,0.3585
1603031291,17,1,0.0167,0.0,0.0167,0.7083
1603093921,32,1,0.0833,0.0,0.0,0.5
1603383490,19,0,0.008,0.0,0.0,0.216
1603924983,29,1,0.0633,0.009,0.009,0.3982
1604079051,25,1,0.0385,0.0,0.0,0.5641
1604290541,19,0,0.037,0.0,0.0,0.4815
1604453873,30,0,0.0585,0.0,0.0058,0.3392
1604647654,22,0,0.0411,0.0274,0.0274,0.363
1605843104,53,1,0.0,0.0,0.0,0.75
1606354674,13,1,0.0167,0.0083,0.0,0.7
1607009694,24,1,0.0769,0.0,0.0385,0.2821
1607010545,23,1,0.0133,0.0,0.0,0.66
1607213684,18,0,0.0208,0.0,0.0,0.6458
1607430517,32,1,0.0,0.0,0.0,0.5263
1607672817,28,1,0.0476,0.0238,0.0476,0.5
1607896211,33,1,0.0758,0.0152,0.0,0.5152
1608579835,20,1,0.1111,0.0,0.0222,0.5111
1608592585,19,1,0.0,0.0,0.0,0.3214
1608634261,22,1,0.0,0.0,0.069,0.7241
1608639483,25,0,0.0732,0.0,0.0122,0.5366
1608720365,35,0,0.0,0.0092,0.0,0.5229
1609190293,22,0,0.0,0.0,0.04,0.28
1609213383,30,1,0.0,0.0,0.0,0.8667
1609219093,22,0,0.0357,0.0714,0.0,0.3929
1609812341,26,1,0.0606,0.0,0.0303,0.2424
1610663205,26,1,0.0313,0.0625,0.0,0.5313
1610846771,22,0,0.0833,0.0417,0.0,0.4167
1610898891,25,0,0.0263,0.0263,0.0789,0.3684
1610974872,36,0,0.022,0.0,0.0,0.4176
1611261424,22,0,0.2333,0.0,0.0,0.2333
1611278103,18,1,0.1136,0.0455,0.0,0.4773
1611495321,19,1,0.0066,0.0,0.0,0.6213
1611829663,24,1,0.0192,0.0096,0.0192,0.5673
1612050837,22,1,0.0183,0.0,0.0046,0.5596
1612235925,24,1,0.0448,0.0,0.0,0.5672
1612264392,42,0,0.0,0.0,0.0,0.3939
1612629620,25,1,0.15,0.0,0.025,0.525
1612867861,31,1,0.0509,0.0046,0.0185,0.3102
1612916884,24,1,0.0,0.0,0.0,0.5417
1613324783,24,1,0.0282,0.0,0.0169,0.4802
1613331315,25,1,0.0199,0.0199,0.0359,0.4422
1613678240,31,1,0.0,0.0,0.0,0.4286
1613944607,25,0,0.0,0.0,0.0,0.6316
1614329327,34,0,0.0345,0.0,0.0115,0.3678
1614591737,36,0,0.0,0.0,0.0,0.7164
1615250890,17,1,0.0057,0.0115,0.0057,0.6552
1615630103,28,1,0.1,0.0,0.05,0.4
1616341661,21,1,0.0,0.0,0.0213,0.5745
1616418973,23,0,0.0676,0.0,0.0405,0.3243
1616756372,22,1,0.0813,0.0063,0.0063,0.4563
1616882982,29,1,0.0,0.0,0.0,0.5366
1617691031,25,1,0.1111,0.0048,0.0,0.3768
1618099864,22,1,0.0123,0.0494,0.0247,0.3951
1618211311,24,1,0.1149,0.0068,0.0068,0.4459
1619209465,28,1,0.0,0.0,0.0,0.6627
1619270607,19,1,0.0526,0.0,0.0,0.5263
1620247590,25,1,0.0517,0.0,0.0345,0.4655
1620892871,21,0,0.0426,0.0106,0.0,0.4255
1621088533,25,0,0.0,0.0,0.0,0.2105
1621144001,21,1,0.0102,0.0,0.0,0.5408
1621367200,23,1,0.0192,0.0,0.0192,0.5962
1621425391,22,0,0.009,0.0,0.0135,0.518
1621650074,24,1,0.0741,0.0,0.0,0.3333
1621838073,21,1,0.0409,0.0058,0.0,0.6608
1622099873,23,1,0.0,0.0,0.0,0.541
1623093741,21,1,0.0513,0.0256,0.0,0.5128
1623709301,25,0,0.05,0.0,0.0,0.525
1623742194,24,1,0.0882,0.0,0.0,0.3824
1623781862,21,1,0.0417,0.0,0.0,0.4167
1623836052,23,1,0.0588,0.0,0.0,0.3725
1624347763,23,1,0.0,0.0,0.0,0.3889
1624611227,23,0,0.0375,0.0125,0.025,0.5625
1624667762,26,1,0.0,0.0,0.0,0.4146
1624940851,19,1,0.0893,0.0,0.0179,0.4643
1625048824,30,0,0.0526,0.0,0.0,0.5965
1625067123,29,1,0.0,0.0,0.0,0.5652
1625299400,20,1,0.0,0.046,0.0,0.6552
1625339387,22,0,0.0118,0.0,0.0118,0.6647
1625564321,22,0,0.0208,0.0417,0.0,0.6875
1625704943,24,1,0.0,0.0,0.0,0.4118
1625710833,20,1,0.0526,0.0,0.0263,0.6579
1626086851,24,1,0.0811,0.0,0.0,0.5405
1626102254,32,1,0.0074,0.0074,0.0,0.4118
1626354584,21,1,0.0,0.0,0.0,0.6301
1626506905,42,0,0.069,0.0,0.0,0.1724
1626975603,20,1,0.0536,0.0179,0.0,0.625
1626997955,22,1,0.1831,0.0141,0.0,0.3803
1627342831,22,0,0.0313,0.0,0.0,0.6563
1627729815,19,1,0.0169,0.0,0.0,0.7627
1628348654,22,1,0.0,0.0385,0.0,0.5
1628401941,24,1,0.2258,0.0,0.0,0.3548
1628941002,22,1,0.0698,0.0155,0.0078,0.3256
1629067680,25,0,0.023,0.0115,0.0,0.5172
1629144782,23,0,0.0273,0.0164,0.0383,0.4809
1629296075,24,1,0.0364,0.0,0.0182,0.4
1629581465,21,0,0.0213,0.0,0.0213,0.383
1629605070,22,1,0.0,0.0,0.0,0.6304
1629752853,20,1,0.0,0.0,0.0455,0.5909
1629833714,23,1,0.0139,0.0,0.0,0.7431
1629876424,17,1,0.0,0.0,0.0,0.6563
1629937821,21,1,0.0435,0.0,0.0,0.3913
1629972775,21,1,0.0253,0.0152,0.0051,0.6919
1630232627,29,1,0.0532,0.0,0.0106,0.5106
1630550430,23,0,0.0435,0.0,0.0217,0.6087
1630648341,22,1,0.0667,0.0,0.0222,0.3778
1630653077,23,1,0.04,0.02,0.0,0.48
1630704833,22,1,0.0556,0.0,0.0,0.3611
1630734537,22,0,0.08,0.0,0.02,0.3
1630752023,30,0,0.0,0.0,0.0741,0.6296
1630893810,19,0,0.0,0.0,0.0,0.4545
1631618847,38,0,0.1176,0.0,0.0,0.2353
1631650511,23,1,0.037,0.0,0.0,0.5926
1631885467,17,1,0.0303,0.0,0.0,0.5758
1631904562,25,0,0.0,0.0,0.027,0.2703
1631982072,46,1,0.2348,0.0261,0.0261,0.2522
1632051703,24,1,0.119,0.0,0.0,0.5238
1632212985,28,1,0.087,0.0,0.0,0.5217
1632277535,24,1,0.0323,0.0323,0.0,0.6129
1632424130,20,1,0.0059,0.0,0.0,0.7811
1632427003,23,1,0.0625,0.0,0.0,0.5625
1632594162,29,1,0.115,0.0,0.0,0.3805
1633413627,22,1,0.0576,0.0,0.0072,0.5683
1633460787,23,1,0.0351,0.0175,0.0175,0.5789
1633486753,24,1,0.2619,0.0238,0.0,0.2381
1633567173,21,1,0.0488,0.0122,0.0,0.6463
1633615560,34,0,0.098,0.0,0.0,0.3137
1634055323,20,1,0.0533,0.0,0.02,0.56
1634397121,21,1,0.0417,0.0,0.0,0.4167
1634443160,24,1,0.0873,0.0079,0.0079,0.5079
1634624791,22,1,0.0682,0.0,0.0227,0.5909
1634722963,23,0,0.0256,0.0,0.0,0.2051
1634897134,20,1,0.0714,0.0536,0.0179,0.4643
1635313013,21,1,0.0204,0.0,0.0,0.6378
1635667100,30,0,0.0267,0.0,0.0,0.4533
1635714720,20,1,0.013,0.0,0.026,0.7273
1635860933,30,0,0.0345,0.0,0.0,0.6897
1636095347,22,0,0.0294,0.0,0.0588,0.3235
1636392944,24,1,0.0811,0.0,0.0,0.5135
1636433445,21,1,0.0,0.0,0.0,0.5789
1637160094,21,1,0.0357,0.0,0.0,0.1429
1637262235,18,1,0.0,0.0,0.0,0.5455
1637538200,19,0,0.0417,0.0417,0.0,0.3333
1637749664,28,1,0.0385,0.0,0.0,0.5
1637898007,22,0,0.0299,0.0,0.0,0.4328
1638192540,41,0,0.0263,0.0,0.0,0.5263
1638959911,22,1,0.0157,0.0079,0.0,0.6142
1638969760,28,1,0.0882,0.0147,0.0147,0.2794
1639205883,22,1,0.0894,0.0163,0.0081,0.4715
1639294364,21,0,0.069,0.0,0.0,0.5517
1639505567,16,1,0.1707,0.0244,0.0,0.2927
1639643173,24,1,0.0227,0.0227,0.0,0.3409
1640176632,21,1,0.0,0.0,0.0,0.8085
1640225650,23,1,0.0364,0.0,0.0,0.5818
1640416372,23,1,0.0342,0.0085,0.0043,0.5726
1640440693,19,1,0.1154,0.0,0.0385,0.3462
1640506307,30,1,0.1711,0.0132,0.0,0.3158
1640817391,21,1,0.1803,0.0164,0.0164,0.5246
1640847411,23,1,0.0889,0.0,0.0,0.4444
1640930420,19,1,0.011,0.0,0.0,0.6923
1640949960,19,1,0.0597,0.0,0.0,0.5373
1641039520,18,1,0.0204,0.0204,0.0408,0.449
1642772384,17,1,0.0238,0.0,0.0,0.6032
1644310942,18,1,0.0325,0.0,0.0,0.4959
1644443291,42,0,0.0,0.0,0.0,0.473
1644462531,22,0,0.0107,0.0036,0.0009,0.7342
1644810651,25,0,0.0667,0.0,0.0,0.5
1645004581,19,1,0.0156,0.0156,0.0,0.7344
1645174682,18,1,0.037,0.0,0.0123,0.642
1645421975,33,1,0.0,0.0,0.0,0.5714
1645931771,24,1,0.129,0.0,0.0,0.2581
1646365081,28,1,0.0,0.05,0.0,0.4
1646818325,20,1,0.0357,0.0357,0.0357,0.5714
1646825157,22,1,0.0,0.0,0.0256,0.7436
1646970773,21,1,0.0158,0.0,0.0,0.6403
1647490964,18,1,0.0109,0.0054,0.0,0.7337
1647568500,20,0,0.0909,0.0455,0.0227,0.3409
1647589014,22,1,0.1209,0.011,0.0,0.3736
1648020462,29,1,0.013,0.0,0.0,0.5974
1648041485,23,1,0.0741,0.0,0.0,0.4741
1648144542,30,1,0.0,0.0,0.0,0.3846
1648515017,22,1,0.0238,0.0,0.0119,0.5714
1648832807,25,0,0.0617,0.0,0.0494,0.5679
1649302217,28,1,0.0,0.0,0.0,0.6667
1649394445,14,1,0.0053,0.0053,0.0053,0.381
1650149071,37,0,0.0,0.0,0.0,0.6552
1650295187,28,1,0.0741,0.0,0.0,0.2963
1650322584,20,1,0.0667,0.0,0.0,0.48
1650654103,40,0,0.0769,0.0,0.0,0.0769
1650747374,20,1,0.0114,0.0,0.0,0.5227
1650761630,22,1,0.0464,0.0084,0.0084,0.5021
1650767143,23,1,0.0345,0.0115,0.0,0.6552
1650785015,23,1,0.0139,0.0139,0.0,0.6806
1650789790,22,1,0.0507,0.0217,0.0145,0.4928
1650831391,21,1,0.04,0.0,0.0,0.6
1650837910,22,0,0.0,0.0,0.0385,0.5769
1650855833,22,1,0.069,0.0,0.069,0.2759
1651310327,20,1,0.0577,0.0385,0.0385,0.3462
1651446254,20,0,0.0169,0.0085,0.0085,0.4322
1651493780,20,1,0.1034,0.0345,0.0345,0.3966
1651540597,22,1,0.0625,0.0,0.0,0.5625
1651620467,21,1,0.0,0.0,0.0,0.7273
1652472731,33,1,0.0313,0.0104,0.0,0.5938
1652675272,19,0,0.2,0.04,0.0,0.22
1652937465,33,0,0.0714,0.0238,0.0,0.5714
1652952223,29,1,0.0,0.0,0.0,0.2353
1653005305,21,1,0.1471,0.0294,0.0,0.5
1653007262,17,1,0.0,0.0,0.0,0.6923
1653092592,30,1,0.0,0.0,0.0,0.4
1653117124,20,0,0.0667,0.0,0.0,0.5333
1653316761,19,1,0.0374,0.0093,0.0093,0.5607
1653334431,31,1,0.05,0.0,0.0,0.7
1653978311,31,1,0.0435,0.0,0.0,0.4928
1654144160,35,0,0.0,0.0,0.0,0.3333
1654215540,23,1,0.0172,0.0,0.0345,0.2759
1654229223,30,0,0.0161,0.0,0.0161,0.4355
1654632130,31,1,0.0174,0.0,0.0174,0.5349
1654688751,19,0,0.0,0.0,0.0,0.6129
1654989472,29,1,0.0513,0.0256,0.0,0.3846
1655200412,41,1,0.0714,0.0,0.0238,0.3333
1655316171,18,1,0.0348,0.0087,0.0,0.4783
1655370355,20,1,0.129,0.0161,0.0081,0.379
1655733791,30,1,0.0333,0.0,0.0,0.5667
1655890213,28,1,0.0348,0.0,0.0087,0.4957
1655991333,16,1,0.0143,0.0,0.0286,0.6714
1656613280,19,0,0.0458,0.0076,0.0076,0.6794
1657122867,18,1,0.0385,0.0385,0.0,0.4231
1657453171,20,1,0.0309,0.0,0.0,0.5155
1657706101,23,1,0.0833,0.0208,0.0208,0.5208
1657835533,20,1,0.04,0.02,0.02,0.66
1658038513,23,1,0.0714,0.0,0.0,0.4286
1658633622,30,1,0.0938,0.0313,0.0313,0.4375
1658729493,16,0,0.0116,0.0116,0.0,0.5581
1658772852,30,1,0.0595,0.0,0.0,0.4167
1658945047,21,1,0.0732,0.0,0.0244,0.7073
1659010965,22,1,0.0,0.0,0.0357,0.5714
1659040923,43,1,0.122,0.0,0.0244,0.3171
1659051757,20,0,0.0263,0.0263,0.0,0.3947
1659116280,30,0,0.0086,0.0,0.0,0.3793
1659121524,18,1,0.0658,0.0526,0.0,0.6579
1659236545,21,1,0.0455,0.0,0.0,0.5364
1659341040,20,1,0.0741,0.037,0.0185,0.4815
1659412501,22,1,0.0472,0.0094,0.0283,0.5566
1659445497,19,1,0.0556,0.0278,0.0,0.6111
1659573791,21,1,0.0,0.0,0.0,0.6933
1659633823,22,1,0.0179,0.0,0.0,0.5536
1660756080,23,1,0.0645,0.0,0.0,0.5161
1660886551,21,1,0.05,0.0,0.0,0.45
1660998554,21,0,0.0455,0.017,0.017,0.4659
1661012382,21,0,0.028,0.0,0.007,0.5105
1661055223,17,1,0.027,0.0135,0.0,0.6351
1661437341,32,1,0.027,0.0,0.027,0.5405
1662391543,20,1,0.0077,0.0,0.0077,0.7
1662625015,45,0,0.0373,0.0,0.0,0.4104
1662711495,19,0,0.0,0.0303,0.0,0.697
1663679134,32,1,0.0092,0.0,0.0092,0.4771
1663769492,20,0,0.0267,0.0,0.0133,0.3733
1664763955,18,1,0.1081,0.0135,0.0,0.3649
1664827292,23,1,0.0,0.0,0.0,0.72
1665079700,19,0,0.0118,0.0,0.0,0.6118
1665369631,31,1,0.0769,0.0,0.0,0.4231
1666856187,38,1,0.0,0.0,0.0,0.3478
1666953977,19,1,0.05,0.0,0.0,0.5
1667470237,20,0,0.0,0.0,0.0,0.6571
1667476673,18,1,0.0357,0.0,0.0,0.5536
1667670541,17,0,0.0,0.0,0.0213,0.4255
1668021651,14,1,0.0714,0.0238,0.0417,0.375
1668474107,21,1,0.0246,0.0082,0.0,0.5574
1668780280,32,1,0.0,0.0323,0.0,0.3871
1668910834,21,0,0.0,0.0345,0.0,0.3448
1669064385,35,1,0.0,0.0,0.0,0.3333
1669451714,45,0,0.0351,0.0088,0.0,0.3947
1669487765,21,1,0.0833,0.0,0.0119,0.5238
1669598713,22,1,0.0155,0.0,0.0,0.7371
1670018297,21,1,0.0186,0.0062,0.0186,0.6646
1670582311,22,1,0.0215,0.0,0.0108,0.5591
1670758907,22,1,0.1183,0.0,0.0,0.3441
1671443943,23,1,0.1385,0.0308,0.0,0.3231
1671538725,33,0,0.0164,0.0,0.0164,0.2295
1672242681,20,1,0.12,0.0,0.02,0.32
1672658120,19,1,0.0286,0.0286,0.0143,0.6143
1672971635,18,0,0.0,0.0,0.0,0.8125
1674015604,30,0,0.0,0.0,0.0,0.4097
1674022297,35,0,0.0,0.0,0.0,0.5286
1674040823,22,1,0.0526,0.0,0.0,0.3684
1674183065,34,1,0.0167,0.0042,0.0084,0.251
1674247873,30,1,0.0154,0.0,0.0154,0.3846
1674423752,23,1,0.004,0.0,0.0,0.616
1674488514,34,1,0.0146,0.0146,0.0,0.5474
1674574020,23,1,0.0889,0.0,0.0222,0.4
1674921672,19,1,0.04,0.04,0.04,0.32
1675078515,22,1,0.0143,0.0,0.0,0.6357
1675428244,22,1,0.0096,0.0,0.0,0.555
1675474632,19,0,0.0214,0.032,0.0249,0.5409
1675694537,21,1,0.0282,0.0,0.0,0.6761
1675706350,19,0,0.04,0.0,0.0,0.32
1676000150,37,1,0.3333,0.0208,0.0417,0.0625
1676142195,21,0,0.0732,0.0,0.0244,0.3902
1676397250,23,1,0.1732,0.0157,0.0079,0.3701
1676468210,19,1,0.0918,0.0102,0.0,0.5408
1676692722,23,1,0.125,0.025,0.0,0.5
1676951664,35,1,0.0075,0.0,0.0075,0.4812
1677006027,22,1,0.0305,0.0229,0.0,0.4962
1677224213,18,0,0.0,0.0167,0.0,0.5167
1677341167,18,1,0.0256,0.0,0.0,0.6923
1677419303,21,1,0.0,0.0,0.0,0.6207
1677573102,19,1,0.0083,0.0,0.0,0.6777
1677585011,30,1,0.0182,0.0,0.0,0.5636
1677743667,21,0,0.0238,0.0,0.0476,0.4762
1677824551,28,1,0.0469,0.0156,0.0156,0.5469
1678219155,23,1,0.0588,0.0,0.0,0.4412
1678282225,23,1,0.0,0.0,0.0,0.8125
1678383514,28,1,0.0,0.0,0.0,0.5652
1678481447,23,1,0.0278,0.0278,0.0,0.25
1678858187,38,0,0.0357,0.0,0.0,0.5
1678899347,43,0,0.0,0.0,0.0041,0.473
1679020565,23,1,0.15,0.05,0.0,0.45
1679132211,21,1,0.0169,0.0,0.0056,0.6236
1679361511,19,0,0.0421,0.0105,0.0,0.5579
1679386053,20,1,0.0607,0.0,0.0202,0.4858
1679715220,17,1,0.0,0.0,0.0,0.6857
1679751575,32,1,0.0,0.0,0.0,0.44
1679919003,21,0,0.0781,0.0,0.0,0.4219
1680015345,21,0,0.087,0.0145,0.0,0.4565
1680032660,44,0,0.0667,0.0,0.0,0.45
1680069783,21,1,0.1905,0.0,0.0,0.2381
1680122352,22,1,0.0545,0.0364,0.0,0.5818
1680439922,32,1,0.0,0.0,0.0,0.4722
1680838887,32,1,0.0317,0.0079,0.0079,0.4444
1680844013,23,1,0.0206,0.0103,0.0,0.5361
1680860315,22,1,0.0377,0.0063,0.0063,0.5094
1681351060,39,0,0.0375,0.0042,0.0125,0.3417
1681462932,30,1,0.0588,0.0294,0.0,0.3824
1681538847,32,1,0.04,0.0,0.04,0.52
1682383260,20,0,0.0061,0.0061,0.0,0.6768
1683171955,30,1,0.1856,0.0103,0.0309,0.2268
1683251751,22,1,0.0656,0.0,0.0,0.3443
1683588755,20,1,0.0496,0.0071,0.0071,0.5035
1684198905,36,1,0.0658,0.0,0.0132,0.25
1684462745,22,1,0.0625,0.0313,0.0625,0.5313
1684545783,17,0,0.0886,0.0,0.0253,0.4051
1684991434,23,1,0.0305,0.0153,0.0,0.5649
1685016212,17,1,0.0135,0.0034,0.0,0.6014
1685300123,31,1,0.0909,0.0,0.0,0.4545
1685580557,21,1,0.0444,0.0,0.0,0.6889
1685671661,20,1,0.1389,0.0278,0.0278,0.3611
1685702383,31,1,0.012,0.0,0.0,0.7126
1685758695,21,1,0.0,0.0,0.0,0.625
1685763015,35,0,0.0,0.0055,0.0,0.4751
1685887644,17,1,0.0,0.0,0.0,0.6667
1686143283,23,1,0.2857,0.0,0.0,0.2857
1686313967,23,1,0.0476,0.0,0.0159,0.5556
1686473495,35,0,0.0,0.0256,0.0,0.3077
1686505377,17,1,0.0,0.0,0.0,0.625
1686560407,21,1,0.075,0.0063,0.0,0.5125
1686607554,23,1,0.0566,0.0,0.0,0.4057
1686630291,23,1,0.0294,0.0,0.0,0.6176
1686751860,17,1,0.0,0.026,0.039,0.5714
1686911390,31,1,0.0357,0.0,0.0,0.5
1686918375,23,1,0.062,0.0078,0.0078,0.4419
1687387955,23,1,0.0357,0.0,0.0,0.5357
1687511603,23,1,0.0,0.0204,0.0,0.6122
1687694093,21,0,0.24,0.04,0.0,0.16
1687854327,23,1,0.1496,0.0157,0.0,0.3071
1687881464,30,0,0.0732,0.0,0.0,0.3415
1688022934,18,1,0.0179,0.0,0.0179,0.5
1688212711,32,1,0.0625,0.0,0.0,0.4375
1688537581,22,1,0.0556,0.0,0.0278,0.4722
1688888311,21,0,0.0,0.0,0.0,0.7813
1688925342,19,1,0.0287,0.0057,0.0115,0.5747
1689105817,30,1,0.0,0.0,0.0,0.7931
1689558424,19,1,0.0169,0.0169,0.0,0.678
1689562875,23,1,0.0815,0.0109,0.0109,0.4946
1689575163,20,1,0.0204,0.0408,0.0102,0.4082
1689692151,23,1,0.0405,0.0,0.0,0.5946
1689946781,23,1,0.1951,0.0,0.0,0.2683
1689985293,18,1,0.0164,0.0,0.0,0.5738
1689988594,23,1,0.0531,0.0088,0.0088,0.5398
1690408905,16,1,0.05,0.0,0.0,0.7
1690487451,34,1,0.0909,0.0,0.0,0.3636
1691139733,23,1,0.0,0.0,0.0,0.6364
1691175577,22,1,0.087,0.0435,0.0,0.6957
1691178187,16,0,0.12,0.0,0.0,0.36
1691402354,17,1,0.0152,0.0076,0.0,0.625
1691653792,18,1,0.1049,0.014,0.014,0.3776
1691925912,23,1,0.0395,0.0,0.0263,0.5263
1692014584,16,1,0.1333,0.0,0.0,0.4667
1692074434,35,0,0.0244,0.0244,0.0,0.6098
1692096241,18,1,0.0286,0.0286,0.0,0.3429
1692126401,21,0,0.0308,0.0077,0.0077,0.2846
1692270071,20,1,0.061,0.0244,0.0,0.5854
1692432537,20,1,0.0,0.0,0.0,0.5263
1692472984,23,1,0.0444,0.0111,0.0,0.4556
1692559215,30,1,0.0625,0.0,0.0,0.325
1692625263,18,1,0.0444,0.0,0.0222,0.6778
1692723353,23,1,0.1233,0.0,0.0,0.4932
1692751911,39,0,0.1,0.0222,0.0111,0.4
1692932390,21,1,0.0339,0.0,0.0,0.4576
1693029870,17,1,0.0505,0.0,0.0101,0.5859
1693736607,21,1,0.04,0.0,0.0,0.44
1694116594,18,1,0.0351,0.0,0.0,0.386
1694461170,17,1,0.0588,0.0147,0.0147,0.6765
1694481565,20,1,0.0,0.004,0.004,0.4879
1694762547,23,1,0.0,0.0143,0.0,0.4286
1694922225,20,0,0.0,0.0455,0.0,0.4545
1695730674,21,1,0.1017,0.0,0.0169,0.4237
1695852402,19,1,0.0635,0.0159,0.0079,0.5714
1695901043,21,1,0.0268,0.0,0.0089,0.6429
1695963037,20,1,0.0065,0.0,0.0,0.6774
1696653605,22,1,0.0571,0.0143,0.0143,0.4429
1696770204,19,0,0.0244,0.0488,0.0244,0.5366
1696792991,19,1,0.0,0.0,0.0,0.4348
1696840820,21,1,0.0,0.0556,0.0556,0.5
1696887032,30,0,0.0179,0.006,0.0,0.3036
1697191834,22,1,0.0211,0.0,0.0,0.6338
1697207704,39,0,0.0364,0.0045,0.0045,0.2591
1697267093,18,1,0.0387,0.0194,0.0,0.4903
1698080193,34,1,0.0429,0.0,0.0,0.2714
1698343417,22,1,0.0233,0.0,0.0116,0.5988
1698781587,57,0,0.0,0.0,0.0,0.4348
1698804377,19,1,0.0645,0.0323,0.0,0.4839
1698815642,31,1,0.0667,0.0,0.0,0.5111
1699404701,30,0,0.0435,0.0,0.0217,0.3043
1699668341,23,1,0.0,0.0,0.0,0.55
1699755675,19,0,0.1111,0.0,0.0,0.5556
1700131832,31,1,0.0656,0.0164,0.0328,0.3934
1700355567,28,1,0.0625,0.0,0.0,0.4167
1700533657,33,0,0.1059,0.0118,0.0,0.2824
1700746185,48,1,0.3333,0.0,0.0,0.0667
1701025805,22,1,0.0299,0.0,0.0149,0.5373
1701413357,20,1,0.0345,0.0069,0.0,0.5448
1703030767,18,1,0.1207,0.0172,0.0,0.4483
1703344624,28,1,0.0,0.0,0.0,0.4815
1703430805,21,0,0.037,0.0,0.0,0.5926
1704106354,36,0,0.0,0.0,0.0,0.381
1704671091,28,1,0.0435,0.0543,0.0326,0.5217
1704718452,23,1,0.075,0.0,0.0,0.275
1705380127,22,1,0.0426,0.0213,0.0,0.5532
1705394115,17,1,0.25,0.0,0.0417,0.2917
1705588493,20,1,0.027,0.0135,0.0,0.5405
1705713685,28,1,0.2105,0.0,0.0,0.2632
1705872495,30,1,0.1667,0.0,0.0,0.4444
1705908121,21,1,0.0323,0.0,0.0,0.4839
1706122133,21,1,0.0042,0.0042,0.0,0.8151
1706429167,20,1,0.0588,0.0,0.0294,0.7059
1706444180,16,0,0.069,0.0,0.0,0.5862
1706497831,18,1,0.0413,0.0,0.0083,0.5868
1707241720,20,1,0.0833,0.0,0.0167,0.6167
1707781014,18,1,0.0159,0.0,0.0,0.7302
1708378820,20,1,0.0227,0.0227,0.0227,0.3636
1708703940,22,1,0.0556,0.0,0.0,0.3333
1708849012,33,0,0.0,0.0,0.0385,0.6923
1709122460,16,1,0.3333,0.0,0.0,0.2083
1709125871,19,1,0.0667,0.0,0.0,0.4667
1709424633,22,1,0.0146,0.0073,0.0,0.6788
1709672855,17,1,0.031,0.0,0.0078,0.5194
1709955735,35,1,0.0,0.0,0.0244,0.6098
1709998531,21,1,0.026,0.0,0.026,0.6494
1710118301,15,1,0.0735,0.0,0.0147,0.5221
1710238501,20,1,0.0385,0.0,0.0192,0.3462
1710369783,18,1,0.0227,0.0455,0.0,0.6364
1710880407,17,1,0.0208,0.0,0.0104,0.7604
1711054963,23,1,0.0065,0.0,0.0065,0.6405
1711848053,19,0,0.1176,0.0,0.0,0.4118
1711850005,30,0,0.0,0.0,0.0,0.5
1712151957,35,1,0.0882,0.0294,0.0,0.6176
1713184707,21,1,0.1023,0.0,0.0,0.4091
1713452023,30,1,0.0882,0.0,0.0,0.3235
1713841050,19,0,0.0517,0.0,0.0,0.6034
1713943154,33,0,0.0192,0.0192,0.0,0.5481
1714039347,23,1,0.0459,0.0092,0.0092,0.5413
1714336505,61,1,0.0159,0.0,0.0,0.4603
1714392265,21,1,0.0847,0.0508,0.0339,0.2881
1714406043,22,1,0.0345,0.0,0.0172,0.4655
1714811030,32,1,0.1545,0.0244,0.0,0.3577
1715092124,18,1,0.0426,0.0,0.0213,0.5745
1715105573,23,1,0.0,0.0,0.0,0.5238
1715229937,22,1,0.0123,0.0123,0.0123,0.4444
1715437973,19,1,0.0159,0.0,0.0159,0.5238
1715553575,30,1,0.0859,0.0,0.0078,0.2734
1715786790,16,1,0.0117,0.0,0.0,0.5625
1715839604,22,1,0.0137,0.0137,0.0,0.7123
1716680347,22,1,0.1,0.0167,0.0,0.6333
1716971300,22,1,0.0,0.0,0.04,0.64
1717224601,33,0,0.0733,0.0366,0.0105,0.4031
1717413313,30,1,0.0424,0.0,0.0,0.339
1717894694,37,0,0.0392,0.0,0.0,0.3333
1717898441,19,1,0.0345,0.0,0.0,0.5862
1718120942,22,1,0.0659,0.011,0.0,0.4286
1718397890,21,1,0.0,0.0161,0.0,0.6129
1718407573,21,1,0.0149,0.0,0.0,0.5373
1718725231,20,0,0.0108,0.0054,0.0215,0.6882
1718733940,38,1,0.0,0.0,0.0,0.6
1719079883,19,1,0.0784,0.0196,0.0,0.3529
1719190805,46,0,0.0119,0.0,0.0,0.4405
1719348727,19,1,0.0588,0.0,0.0,0.4412
1719373294,18,1,0.0,0.0385,0.0192,0.5192
1719399974,33,0,0.0438,0.0073,0.0,0.4891
1720129743,20,1,0.0227,0.0057,0.0057,0.3807
1720359437,19,1,0.0458,0.0,0.0065,0.5882
1720471964,17,1,0.0124,0.0,0.0,0.472
1720610295,37,0,0.0102,0.0,0.0,0.2653
1720674713,22,1,0.1774,0.0,0.0161,0.2742
1720681075,18,1,0.0037,0.0,0.0,0.7239
1720700615,22,1,0.1111,0.0342,0.0085,0.5726
1721652681,21,1,0.0357,0.0357,0.0357,0.6071
1722159353,39,1,0.1266,0.0,0.0127,0.6329
1723053461,30,0,0.0,0.0,0.0444,0.3556
1723737593,15,0,0.0,0.0,0.0,0.4054
1724103617,18,1,0.0216,0.0072,0.0072,0.3885
1724142327,21,1,0.0252,0.0126,0.0063,0.5723
1724357277,18,1,0.0095,0.0,0.019,0.5714
1724651541,18,1,0.0336,0.0084,0.0,0.5462
1725375027,21,1,0.0316,0.0,0.0,0.5053
1725460421,22,1,0.0625,0.0313,0.0,0.4688
1725576855,21,1,0.0213,0.0213,0.0,0.4043
1725645684,30,1,0.04,0.0,0.0,0.52
1726515915,40,0,0.1364,0.0455,0.0,0.1364
1726626965,71,0,0.0,0.0,0.0,0.75
1727220983,22,1,0.0287,0.0096,0.0287,0.5072
1727493021,32,1,0.125,0.0179,0.0179,0.3929
1727506423,17,1,0.0978,0.0217,0.0217,0.5761
1727522022,22,1,0.0,0.0204,0.0612,0.551
1727635725,37,0,0.0,0.0,0.0,0.5769
1727645682,37,0,0.0,0.0,0.0,0.7778
1728022807,21,1,0.018,0.0,0.009,0.6486
1728029852,30,0,0.0154,0.0,0.0,0.4462
1728113567,22,1,0.087,0.0,0.0435,0.3913
1728396785,32,1,0.0,0.0,0.0,0.6842
1728420811,18,1,0.0,0.0,0.0,0.65
1728425843,21,1,0.0274,0.0,0.0,0.6438
1728547832,35,1,0.0,0.0,0.0,0.48
1728556952,21,1,0.0818,0.0182,0.0182,0.4909
1728672453,21,1,0.0333,0.0,0.0,0.6333
1728826094,30,1,0.0476,0.0,0.0476,0.4762
1728999070,35,0,0.0,0.0,0.0,0.7273
1729006367,22,1,0.0335,0.003,0.003,0.564
1729126175,22,1,0.006,0.0,0.0,0.6467
1729137051,21,1,0.0625,0.0,0.0104,0.4896
1729146097,21,1,0.0469,0.0,0.0,0.6563
1729147173,22,1,0.037,0.037,0.0,0.5926
1729268263,30,1,0.0,0.0222,0.0,0.5111
1729334265,22,1,0.0,0.0175,0.0,0.4737
1729598411,18,1,0.0784,0.0,0.0,0.5686
1729610775,42,0,0.0,0.0,0.0,0.7538
1729647885,30,1,0.0,0.0,0.0,0.4762
1729655455,32,1,0.0,0.0,0.0,0.3846
1729960352,21,1,0.1026,0.0,0.0513,0.6154
1729996813,16,1,0.0133,0.0,0.0,0.5
1730026271,16,0,0.0417,0.0417,0.0,0.4583
1730198170,18,1,0.0286,0.0143,0.0,0.6143
1730311621,21,1,0.0952,0.0,0.0,0.2381
1730393497,22,1,0.0615,0.0154,0.0308,0.5231
1730502042,30,1,0.1316,0.0,0.0,0.2895
1730635771,37,1,0.0583,0.0083,0.0083,0.5333
1730692255,30,1,0.1136,0.0,0.0227,0.5341
1730706727,35,0,0.0381,0.0095,0.0095,0.3524
1730779373,17,1,0.1,0.0,0.05,0.4
1730946867,22,1,0.1071,0.0357,0.0,0.4821
1730948621,20,0,0.0405,0.0,0.0,0.6757
1730952471,19,0,0.1467,0.0,0.0,0.32
1731088934,18,1,0.0672,0.0075,0.0075,0.4627
1731119562,21,1,0.0606,0.0,0.0,0.3636
1731187314,22,1,0.0233,0.0,0.0155,0.5891
1731231392,20,1,0.0552,0.0,0.0138,0.6069
1731261590,20,1,0.1026,0.0513,0.0,0.4615
1731263090,17,1,0.0,0.0204,0.0102,0.6429
1731273267,42,0,0.0698,0.0,0.0,0.3023
1731314375,19,1,0.008,0.0,0.0,0.616
1731360505,38,0,0.022,0.0,0.0,0.2637
1731398005,18,1,0.021,0.021,0.007,0.6154
1731610307,21,1,0.0667,0.0133,0.0,0.3733
1731667915,20,1,0.0938,0.0,0.0,0.5938
1732084640,21,1,0.1356,0.0339,0.0339,0.2881
1732491760,32,1,0.0556,0.0,0.0,0.5278
1733124723,30,0,0.0179,0.0357,0.0536,0.4643
1733128973,32,1,0.0186,0.0186,0.0,0.4099
1733764047,18,1,0.051,0.0204,0.0,0.6837
1733775602,17,1,0.0323,0.0323,0.0,0.3548
1733924133,19,1,0.0,0.0,0.0073,0.6715
1734079681,19,1,0.0974,0.0195,0.0065,0.3506
1734194937,21,1,0.0,0.0164,0.0,0.6393
1734237590,18,1,0.0735,0.0,0.0,0.4265
1734550255,21,1,0.0459,0.0092,0.0,0.578
1735184121,39,0,0.0256,0.0,0.0,0.2821
1735558085,42,1,0.0256,0.0256,0.0,0.6923
1736430327,21,1,0.0278,0.0,0.0,0.8056
1736626930,20,1,0.0417,0.0,0.125,0.4583
1736629914,21,1,0.0164,0.0,0.0,0.459
1737008882,17,1,0.0521,0.0156,0.0104,0.4635
1737038750,20,1,0.013,0.013,0.0065,0.6169
1737042081,44,0,0.0,0.0,0.0,0.2
1737238991,20,1,0.0099,0.0099,0.0396,0.4455
1737281567,18,0,0.1957,0.0,0.0,0.2391
1737389724,19,1,0.0278,0.0278,0.0,0.5
1737564723,21,1,0.0,0.0238,0.0,0.5476
1737580263,36,0,0.0784,0.0,0.0,0.1176
1738150637,33,0,0.0,0.0,0.0,0.5435
1738259991,40,1,0.1311,0.0,0.0,0.3279
1738350277,56,1,0.0641,0.0385,0.0128,0.2564
1738510840,21,1,0.0088,0.0,0.0,0.614
1738722710,30,0,0.082,0.0164,0.0,0.3607
1738849482,20,1,0.2727,0.0,0.0303,0.4242
1739522970,47,1,0.0484,0.0054,0.0054,0.5753
1739740104,21,1,0.04,0.0,0.04,0.56
1739766734,20,0,0.0,0.0,0.0,0.6981
1739783282,18,0,0.0204,0.0,0.0408,0.5714
1740359445,36,0,0.0,0.0286,0.0,0.5429
1740526745,54,0,0.0482,0.012,0.0,0.3855
1740646392,34,1,0.16,0.0,0.0,0.2
1741347701,30,0,0.0,0.0,0.0,0.3529
1741554671,18,0,0.0392,0.0,0.0,0.5882
1742770227,30,0,0.0,0.0,0.0588,0.4118
1743328667,20,1,0.0313,0.0,0.0,0.625
1743444852,15,1,0.0323,0.0,0.0,0.5484
1743885211,30,0,0.0,0.0,0.0,0.5676
1744012947,37,0,0.0,0.0968,0.0,0.4839
1744422807,30,1,0.0417,0.0,0.0,0.5833
1744468683,21,1,0.0236,0.0,0.0,0.5039
1744543982,14,1,0.012,0.0,0.006,0.7126
1744659653,33,0,0.0,0.0,0.0,0.2982
1744696520,35,1,0.0,0.0,0.0,0.4
1744784835,30,1,0.0526,0.1053,0.0263,0.4474
1744854420,16,1,0.025,0.0,0.025,0.45
1745003543,17,1,0.035,0.0,0.015,0.645
1745038795,18,1,0.0144,0.0096,0.0,0.6923
1745117937,16,1,0.0,0.0,0.0,0.5316
1745222045,17,1,0.0,0.0,0.0,0.6538
1745630832,21,1,0.125,0.0417,0.0,0.4583
1745698763,30,1,0.1034,0.023,0.0,0.3908
1745717362,21,1,0.0,0.0,0.0,0.4706
1745718985,21,1,0.0,0.0,0.027,0.4324
1745789084,18,1,0.0776,0.0,0.0086,0.5
1745925274,16,1,0.0191,0.0,0.0,0.5885
1746320103,21,1,0.0465,0.0233,0.0,0.5116
1746388682,18,1,0.0482,0.0113,0.0085,0.4901
1746441922,21,1,0.0,0.0167,0.0,0.5167
1746541940,21,1,0.0,0.0,0.0,0.6364
1746735817,20,1,0.0208,0.0,0.0,0.4583
1746803572,21,1,0.0,0.037,0.0,0.0741
1746935667,33,0,0.0357,0.0,0.0,0.2143
1747404694,41,0,0.1563,0.0,0.0,0.125
1747431671,18,1,0.0274,0.0274,0.0,0.4795
1747992693,17,0,0.0156,0.0,0.0,0.4708
1748305605,20,1,0.0393,0.0056,0.0056,0.4775
1748378262,19,1,0.0128,0.0,0.0,0.5513
1748405953,20,0,0.0392,0.0,0.0,0.5686
1748419835,20,1,0.0345,0.023,0.0115,0.5632
1748423617,19,1,0.0313,0.0,0.0,0.4063
1748735892,20,0,0.0,0.0,0.0366,0.4878
1749066902,44,0,0.03,0.0,0.03,0.25
1749091742,21,1,0.0,0.0,0.0,0.6977
1749614492,21,1,0.0256,0.0128,0.0,0.6603
1749934575,20,1,0.025,0.0,0.0,0.675
1750086000,21,1,0.0921,0.0263,0.0132,0.5
1750230731,17,0,0.0444,0.0,0.0,0.3778
1750318841,36,1,0.0108,0.0,0.0,0.4462
1750530541,20,1,0.0263,0.0,0.0,0.5658
1750926494,21,1,0.0,0.0,0.0,0.4857
1750958103,36,1,0.0249,0.01,0.01,0.5373
1750983105,18,1,0.0,0.0,0.0,0.4706
1750993861,20,1,0.0202,0.0081,0.0081,0.7298
1751159053,20,1,0.0714,0.0357,0.0,0.4643
1751262877,21,1,0.0968,0.0,0.0,0.5484
1751363047,20,1,0.0909,0.0152,0.0,0.5455
1751406823,21,1,0.0,0.0,0.0073,0.6277
1751535342,17,1,0.1389,0.0278,0.0,0.4444
1751586160,21,1,0.0328,0.0,0.0,0.377
1751590183,20,0,0.0882,0.0294,0.0294,0.4412
1751596692,17,1,0.0139,0.0,0.0,0.5278
1751635095,20,1,0.0109,0.0,0.0,0.663
1751656461,21,1,0.0465,0.0,0.0,0.4767
1751773677,18,1,0.0702,0.0175,0.0,0.5263
1751783631,21,1,0.0192,0.0,0.0,0.7115
1751831233,18,1,0.0673,0.0,0.0,0.4423
1751894383,21,1,0.0,0.0,0.0,0.4839
1751918281,37,0,0.2708,0.0,0.0208,0.1042
1752123547,17,1,0.0,0.0,0.0143,0.6429
1752286455,18,0,0.0,0.0169,0.0169,0.7797
1752552345,35,0,0.0,0.0,0.0,0.5682
1752568095,18,1,0.0471,0.0118,0.0,0.3529
1752719257,21,1,0.0381,0.0,0.0,0.5429
1752970747,21,1,0.0084,0.0,0.0,0.6371
1753116613,21,1,0.0588,0.0,0.0,0.2941
1753175565,20,1,0.102,0.0,0.0,0.6327
1756390631,21,1,0.016,0.0,0.0,0.7326
1756402673,20,1,0.0551,0.0315,0.0236,0.3701
1756932645,21,1,0.0909,0.0303,0.0,0.2424
1757265147,20,1,0.0741,0.0,0.037,0.2963
1757550493,21,1,0.0354,0.0,0.0177,0.5929
1757940465,19,1,0.0563,0.0063,0.0,0.5125
1758129823,21,1,0.0,0.0345,0.0,0.5517
1758259101,35,1,0.0431,0.0086,0.0086,0.4224
1758380701,20,1,0.0146,0.0,0.0073,0.7299
1758495245,20,1,0.12,0.08,0.04,0.4
1758665667,21,1,0.0253,0.0127,0.0253,0.6076
1758768365,14,1,0.0206,0.0,0.0,0.5361
1759108213,41,1,0.0,0.0,0.0,0.52
1759490201,21,1,0.0367,0.0092,0.0,0.578
1759561997,19,1,0.0,0.0208,0.0,0.4583
1759591581,20,1,0.0,0.0,0.0,0.605
1759912955,21,1,0.1158,0.0,0.0,0.3895
1760180967,21,1,0.0588,0.0,0.0,0.4118
1760243061,17,1,0.0185,0.0,0.0,0.5926
1760312827,21,1,0.1455,0.0061,0.003,0.3848
1760331415,21,1,0.061,0.0244,0.0,0.6098
1760385275,20,1,0.0172,0.0129,0.0,0.5751
1760544405,37,1,0.0,0.0,0.0,0.5065
1760618137,18,0,0.0435,0.0,0.0,0.4348
1760685092,38,0,0.0263,0.0,0.0263,0.3158
1760816882,35,1,0.0,0.0,0.0,0.5333
1761011572,19,1,0.0,0.0,0.0,0.64
1761025177,20,1,0.0106,0.0,0.0,0.5608
1761095880,20,0,0.0278,0.0,0.0,0.4167
1761260693,20,1,0.0408,0.0,0.0,0.5918
1761490117,20,1,0.0578,0.0,0.0036,0.2852
1761526127,20,1,0.0233,0.0,0.0,0.4884
1761562267,16,1,0.0909,0.0,0.0303,0.4848
1761604810,21,1,0.0106,0.0,0.0,0.7128
1761738955,19,1,0.0072,0.0,0.0,0.6655
1761872800,19,1,0.0211,0.0105,0.0,0.6526
1762179575,20,1,0.0,0.0,0.0,0.5469
1762227251,21,1,0.0469,0.0156,0.0313,0.5781
1762244850,19,1,0.0,0.0,0.0,0.7333
1762254232,20,1,0.0536,0.0,0.0,0.3482
1762427540,21,1,0.0952,0.0,0.0238,0.4286
1762563475,35,0,0.0,0.0,0.0,0.303
1762820117,19,1,0.1,0.0,0.0111,0.4889
1762886341,18,1,0.0099,0.0198,0.0,0.6238
1762889364,19,1,0.05,0.025,0.0,0.5
1762911384,14,1,0.0185,0.0093,0.0093,0.5278
1763057303,18,1,0.0,0.0,0.0,0.7381
1763242232,20,0,0.0,0.0111,0.0,0.6556
1763347393,20,0,0.1071,0.0,0.0119,0.3571
1763499515,19,1,0.0,0.0,0.0,0.6154
1763549463,20,1,0.0385,0.0,0.0,0.5769
1763610305,18,1,0.0233,0.0116,0.0,0.6047
1763983305,17,1,0.0609,0.0087,0.0,0.287
1763995802,19,1,0.0,0.0,0.0,0.7407
1764097830,19,1,0.1099,0.022,0.011,0.2308
1764512665,19,1,0.025,0.0,0.0,0.7125
1764854643,20,1,0.0,0.0,0.0,0.7273
1765016771,19,1,0.0204,0.0408,0.0102,0.4898
1765046765,18,1,0.0337,0.0112,0.0112,0.618
1765060645,18,1,0.0,0.0385,0.0,0.5385
1765128135,16,1,0.026,0.0,0.013,0.5065
1765153690,18,1,0.0,0.0,0.0,0.7692
1765408194,17,1,0.0,0.0,0.0,0.4375
1765439783,20,1,0.032,0.0,0.0,0.672
1765507311,19,1,0.0667,0.0,0.0,0.5333
1765523104,19,1,0.0638,0.0213,0.0142,0.5319
1765590675,20,0,0.1563,0.0,0.0,0.2188
1765778847,20,1,0.0,0.0,0.0,0.7742
1765824160,20,1,0.0179,0.0,0.0,0.4464
1765922034,20,1,0.046,0.0,0.0,0.5977
1766119582,65,0,0.0732,0.0,0.0,0.2927
1766258842,18,1,0.0331,0.0,0.0,0.7355
1766359061,19,1,0.0278,0.0278,0.0,0.6389
1766723184,18,1,0.0667,0.0,0.0,0.6333
1766753180,19,1,0.0313,0.0,0.0,0.5313
1766839703,20,1,0.04,0.06,0.02,0.38
1766844277,20,1,0.3684,0.0,0.0,0.2105
1766982517,20,1,0.1311,0.0,0.0,0.4918
1767033501,19,1,0.0233,0.0,0.0233,0.6047
1767126285,35,0,0.0526,0.0526,0.0,0.4211
1767186077,20,1,0.1026,0.0,0.0,0.3846
1767258407,20,1,0.0169,0.0169,0.0169,0.4407
1767304955,18,1,0.0233,0.0,0.0,0.4767
1767359007,20,1,0.0297,0.0297,0.0099,0.6337
1767377353,20,1,0.0286,0.0,0.0,0.5714
1767407383,17,1,0.0588,0.0,0.0,0.4118
1767420360,20,1,0.0,0.0,0.0122,0.5122
1767431583,17,1,0.0,0.0,0.0,0.8333
1767900317,17,0,0.013,0.0,0.0,0.4545
1767938551,20,1,0.0215,0.0,0.0215,0.4624
1767942767,19,1,0.0098,0.0,0.0,0.4608
1767949204,19,1,0.025,0.0083,0.0,0.5
1768187551,19,1,0.027,0.0,0.027,0.5946
1768219342,18,1,0.0216,0.0,0.0,0.5108
1768381891,49,0,0.0,0.0074,0.0,0.4593
1768424340,20,1,0.0175,0.0,0.0,0.7686
1768553967,17,1,0.1371,0.0121,0.004,0.3548
1768574621,20,1,0.0,0.0,0.0,0.6087
1768603887,17,1,0.0214,0.0071,0.0,0.6714
1768613533,19,1,0.0,0.0,0.0,0.6719
1768816114,19,1,0.0325,0.013,0.0195,0.487
1768872443,17,1,0.0208,0.0208,0.0417,0.4792
1768935027,11,0,0.0282,0.0,0.0141,0.5775
1769005560,20,0,0.0137,0.0,0.0274,0.6164
1769030393,20,0,0.0489,0.0217,0.0326,0.6522
1769084407,35,1,0.1228,0.0351,0.0,0.2807
1769092290,18,1,0.0,0.0,0.0,0.75
1769240434,18,1,0.0833,0.0,0.0417,0.6667
1769333450,20,1,0.1111,0.0278,0.0,0.5556
1769792155,20,1,0.018,0.0,0.0045,0.6396
1769958127,14,1,0.0455,0.0,0.0,0.4545
1770158834,44,0,0.065,0.0081,0.0244,0.3659
1770524873,20,1,0.0238,0.006,0.0,0.6548
1770747551,20,1,0.0658,0.0175,0.0044,0.4123
1771031922,20,1,0.0236,0.0157,0.0,0.7244
1771059950,19,1,0.0341,0.0,0.0,0.6818
1771111112,19,1,0.0,0.0213,0.0213,0.5532
1771166355,20,0,0.1121,0.0,0.0,0.3707
1771212263,18,1,0.0694,0.0046,0.0,0.537
1771226352,18,1,0.075,0.075,0.0,0.425
1771263435,19,1,0.0331,0.0066,0.0,0.5099
1771317195,20,1,0.0099,0.0099,0.0,0.7228
1771322007,20,1,0.1053,0.0263,0.0526,0.4211
1771853461,18,1,0.037,0.0741,0.037,0.5185
1771983260,19,1,0.0727,0.0,0.0,0.4545
1771983411,20,1,0.0155,0.0,0.0,0.6443
1772102517,19,1,0.0263,0.0,0.0,0.6711
1772119195,19,1,0.0296,0.0,0.0059,0.568
1772139295,34,1,0.1377,0.0036,0.0072,0.1957
1772213404,19,1,0.1042,0.0,0.0,0.2292
1772291110,16,1,0.0526,0.0158,0.0579,0.4895
1772398833,18,1,0.0104,0.0,0.0052,0.5729
1772454550,18,1,0.0435,0.0,0.0,0.6522
1772486082,19,1,0.021,0.014,0.007,0.5524
1772504057,20,1,0.0,0.0,0.0,0.625
1772825715,19,1,0.0,0.0,0.0,0.7302
1772936983,19,1,0.0719,0.0065,0.0131,0.5033
1772991605,18,1,0.0244,0.0244,0.0,0.6098
1773043860,20,1,0.1389,0.0,0.0,0.5278
1773167637,19,1,0.0182,0.0,0.0091,0.5636
1773529495,19,1,0.0435,0.0062,0.0062,0.5155
1773563801,20,1,0.1154,0.0,0.0,0.2308
1773847277,18,1,0.0732,0.0081,0.0163,0.3415
1773854623,19,1,0.0,0.0,0.0071,0.6
1774259861,18,1,0.0476,0.0,0.0,0.7619
1774358174,40,0,0.0072,0.0,0.0,0.3768
1774392727,18,1,0.0092,0.0,0.0,0.6789
1774417383,18,0,0.0476,0.0238,0.0238,0.2857
1774593995,19,1,0.0165,0.0,0.0083,0.5702
1774784505,35,0,0.0,0.0,0.0,0.6667
1774790887,19,1,0.0745,0.0106,0.0053,0.5585
1774954911,36,1,0.0351,0.0175,0.0175,0.2807
1775767241,15,1,0.0,0.0,0.0164,0.6393
1776204783,19,1,0.1064,0.0,0.0,0.4468
1776581427,19,1,0.0222,0.0,0.0,0.6667
1777416340,18,1,0.0098,0.0,0.0,0.598
1777671664,16,1,0.037,0.037,0.0556,0.4444
1778226073,19,1,0.0485,0.0097,0.0,0.5922
1778421811,18,1,0.0263,0.0,0.0,0.5789
1779516914,19,1,0.0204,0.0,0.0,0.6735
1779607547,19,1,0.0404,0.0051,0.0152,0.5152
1779921904,34,1,0.245,0.0265,0.0,0.106
1779937945,19,1,0.0182,0.0,0.0,0.5818
1780219253,17,0,0.0677,0.0277,0.0123,0.6062
1780467104,18,0,0.0069,0.0069,0.0,0.6736
1780993264,33,0,0.0,0.0,0.0,0.2
1781061535,19,1,0.1,0.0222,0.0222,0.3111
1781387422,19,1,0.0242,0.0,0.0,0.5403
1782271214,18,1,0.0,0.0,0.0,0.8333
1782321175,19,1,0.0,0.0,0.0,0.6429
1782679277,19,1,0.0239,0.0,0.0191,0.4976
1783380120,19,1,0.0,0.0,0.0,0.7679
1783389415,18,1,0.04,0.0,0.0,0.72
1783446211,18,1,0.1778,0.0222,0.0222,0.4667
1783551991,42,1,0.033,0.011,0.0,0.4615
1783988475,18,1,0.0263,0.0088,0.0175,0.5
1784616601,59,0,0.0,0.0,0.0,0.381
1784841373,16,1,0.0141,0.0141,0.0141,0.507
1785090967,43,1,0.0111,0.0,0.0111,0.7
1785097523,17,0,0.0732,0.0,0.0244,0.561
1785154811,16,1,0.0625,0.0078,0.0,0.5
1785184415,19,1,0.0,0.0096,0.0,0.6731
1785286083,19,1,0.0769,0.0,0.0,0.4615
1785401500,18,0,0.0175,0.0,0.0,0.5088
1785402527,19,1,0.0104,0.0,0.0,0.7604
1785455005,16,1,0.0,0.0,0.0,0.7429
1785470405,43,1,0.0,0.0,0.0526,0.2105
1785505691,19,1,0.0857,0.0,0.0286,0.3714
1785764511,16,1,0.0,0.0,0.0,0.4348
1785968280,19,1,0.0294,0.0,0.0,0.6176
1786272751,19,1,0.0556,0.0,0.0,0.3889
1787049843,18,0,0.0,0.0,0.0,0.7143
1787136753,18,1,0.0,0.0513,0.0256,0.6667
1787249943,19,1,0.0,0.0435,0.0,0.5652
1787314071,16,1,0.0,0.0,0.0,0.7826
1787377311,18,1,0.0,0.0149,0.0,0.791
1787844621,18,1,0.0526,0.0,0.0,0.5263
1788029391,18,1,0.0488,0.0,0.0244,0.561
1788109304,38,0,0.0,0.0,0.0,0.5294
1788267163,19,1,0.0167,0.0,0.0,0.7833
1788524655,19,1,0.0085,0.0085,0.0,0.5424
1788729757,18,1,0.0,0.0222,0.0222,0.6444
1788750231,19,1,0.0,0.0,0.0,0.7294
1788871143,18,1,0.05,0.0,0.0,0.5
1788873923,19,1,0.0597,0.0149,0.0,0.5672
1788878237,38,1,0.037,0.0,0.0,0.4815
1788979431,19,1,0.0141,0.0,0.0,0.6901
1789002101,19,1,0.0619,0.0,0.0088,0.354
1789042843,18,1,0.0722,0.0028,0.0,0.4833
1789276531,18,1,0.0273,0.0091,0.0091,0.4727
1789559821,18,1,0.075,0.05,0.025,0.525
1789663170,18,0,0.0455,0.017,0.017,0.5852
1789738953,18,0,0.0446,0.0,0.0064,0.5032
1789801511,19,1,0.0606,0.0303,0.0,0.6364
1789898692,44,1,0.2174,0.0,0.0652,0.2609
1790071091,19,1,0.0784,0.0196,0.0,0.3725
1790170824,45,0,0.1473,0.0078,0.0,0.1085
1790189107,18,1,0.0753,0.0,0.0,0.5054
1790391793,46,0,0.0132,0.0,0.0,0.6579
1790466031,49,1,0.0872,0.0,0.0067,0.1946
1790641557,17,0,0.0092,0.0046,0.0092,0.6284
1792164901,18,1,0.0,0.0,0.0263,0.5789
1792578463,33,0,0.0351,0.0,0.0175,0.3509
1793056050,44,0,0.026,0.013,0.013,0.2468
1793204680,16,1,0.0172,0.0,0.0,0.6034
1793553134,16,1,0.0,0.0,0.0,0.6667
1794147825,15,1,0.0328,0.0055,0.0,0.3989
1795173785,34,1,0.0488,0.0,0.0,0.6159
1795464431,34,1,0.0,0.0,0.0444,0.6222
1795566747,18,0,0.0,0.0,0.0,0.6552
1795914947,45,0,0.0175,0.0,0.0,0.3684
1796458223,16,1,0.0095,0.0,0.0,0.7429
1797046677,18,1,0.0611,0.0,0.0,0.542
1797165552,18,1,0.12,0.02,0.06,0.4
1797529073,18,1,0.0726,0.0081,0.0242,0.379
1798014705,18,1,0.0345,0.0,0.0,0.5517
1798846105,41,0,0.0227,0.0,0.0,0.4545
1798847387,16,1,0.053,0.0076,0.0076,0.5758
1799054745,18,1,0.0405,0.0,0.0135,0.4595
1800013460,18,1,0.0,0.0204,0.0204,0.449
1800197831,37,1,0.0256,0.0513,0.0,0.4103
1800283294,18,1,0.018,0.009,0.0,0.4595
1800680904,40,0,0.0455,0.0,0.0,0.4091
1801011477,18,0,0.037,0.0,0.0,0.5556
1801525955,38,0,0.0133,0.0133,0.0,0.5467
1802144403,18,1,0.0061,0.0,0.0121,0.7333
1803431327,16,1,0.0323,0.0323,0.0645,0.4516
1804145564,37,0,0.0275,0.0165,0.0,0.5549
1804510502,34,1,0.0,0.0,0.0,0.7273
1804518813,38,0,0.0206,0.0,0.0,0.2577
1804957461,41,1,0.0222,0.0,0.0,0.3111
1805065767,18,1,0.1111,0.0,0.037,0.2593
1805168834,50,1,0.0,0.0,0.0,0.3818
1805577412,50,0,0.0638,0.0,0.0,0.1064
1806690975,38,0,0.1176,0.0588,0.0,0.4118
1806836727,16,1,0.0,0.0,0.0,0.4737
1808492744,38,1,0.0357,0.0134,0.0045,0.683
1808508104,38,0,0.0435,0.0,0.0,0.5217
1810348447,16,1,0.0256,0.0,0.0,0.359
1810574280,40,0,0.0,0.0227,0.0227,0.5909
1811039344,55,0,0.0875,0.0125,0.0,0.3125
1811419507,18,1,0.0303,0.0,0.0,0.5455
1811635703,38,0,0.0789,0.0,0.0,0.1053
1812272112,33,0,0.0179,0.0045,0.0089,0.4777
1817254423,16,1,0.0359,0.0045,0.0,0.6099
1818508491,18,1,0.0526,0.0105,0.0,0.5579
1819900455,34,1,0.0,0.0,0.0,0.4928
1820634312,35,1,0.0806,0.0161,0.0,0.2742
1821324270,18,1,0.0345,0.0115,0.0,0.6092
1823069383,18,1,0.022,0.011,0.0,0.6264
1824667801,18,1,0.0062,0.0062,0.0062,0.5714
1825051087,18,1,0.068,0.0194,0.0,0.5922
1825212613,17,0,0.0811,0.027,0.027,0.4054
1825759950,18,1,0.0098,0.0,0.0049,0.8235
1826198432,17,0,0.0,0.0385,0.0,0.6154
1826848453,16,1,0.0101,0.0101,0.0,0.5455
1826908663,18,1,0.087,0.0,0.0,0.4348
1829476244,16,1,0.0,0.0,0.0,0.6667
1830963907,18,1,0.0,0.0323,0.0,0.5161
1831076811,16,1,0.0303,0.0,0.0,0.5455
1831622550,40,0,0.0465,0.0116,0.0,0.4535
1831867935,18,1,0.0323,0.0161,0.0,0.5323
1832197320,16,0,0.0027,0.0027,0.008,0.7586
1832843164,15,1,0.0227,0.0,0.0,0.7727
1832934304,46,1,0.0155,0.0,0.0,0.4845
1835138164,15,1,0.0203,0.0068,0.0,0.5068
1835613334,43,1,0.0833,0.0,0.0,0.4167
1836764354,16,1,0.0455,0.0303,0.0,0.6515
1838611870,18,1,0.0811,0.0,0.0,0.5405
1838952597,65,1,0.069,0.0,0.0,0.4828
1840795641,37,1,0.1346,0.0,0.0192,0.3077
1841186801,18,1,0.0259,0.0,0.0086,0.5948
1841485980,18,1,0.0,0.0,0.0,0.4286
1842863090,18,1,0.1032,0.0129,0.0258,0.4129
1842887987,17,0,0.05,0.0,0.0,0.55
1842961525,36,1,0.0,0.0,0.0,0.6765
1843086543,38,0,0.0599,0.0,0.0092,0.2581
1843691551,18,0,0.0,0.0,0.0,0.7231
1843981212,18,1,0.2051,0.0,0.0,0.2051
1844215707,36,1,0.0769,0.0154,0.0,0.3077
1844372591,18,1,0.0,0.0455,0.0,0.6591
1846994994,15,1,0.0238,0.0079,0.0079,0.619
1849242053,18,0,0.0161,0.0161,0.0,0.371
1849310837,44,1,0.0238,0.0,0.006,0.3929
1852439751,40,0,0.026,0.0,0.0,0.3052
1853763742,39,1,0.1111,0.0278,0.0139,0.5694
1855035943,39,0,0.0154,0.0154,0.0051,0.3795
1856374424,18,1,0.0333,0.0333,0.0,0.6333
1857988724,34,1,0.05,0.0,0.0,0.45
1859564274,18,1,0.0482,0.0,0.012,0.5181
1860127390,16,1,0.0098,0.0196,0.0147,0.549
1860195823,16,1,0.0508,0.0169,0.0,0.4746
1860351092,37,0,0.0541,0.027,0.0,0.5946
1864297374,16,1,0.0,0.0,0.0,0.4727
1867832085,18,1,0.046,0.069,0.0115,0.5517
1868379507,15,1,0.1818,0.0,0.0,0.1515
1869668070,18,0,0.0,0.05,0.05,0.5
1869813543,18,1,0.0068,0.0068,0.0205,0.6096
1870060190,16,1,0.0104,0.0,0.0,0.6458
1871632933,65,1,0.0,0.0,0.0,0.5424
1871822111,34,1,0.093,0.0,0.0,0.4419
1871924635,18,0,0.0491,0.0245,0.0429,0.5153
1872080635,34,1,0.125,0.0,0.0,0.25
1876645111,18,1,0.0186,0.0124,0.0,0.5342
1877154342,18,0,0.0361,0.006,0.0361,0.6084
1877862002,55,1,0.1733,0.0,0.04,0.3467
1878524321,42,0,0.0,0.0,0.0,0.55
1878653164,16,0,0.0478,0.0074,0.0074,0.5588
1878773525,40,1,0.0521,0.0069,0.0069,0.3646
1880567801,16,1,0.0,0.0197,0.0,0.6579
1881168671,41,1,0.1581,0.0,0.0128,0.3462
1881274267,34,1,0.125,0.0,0.0,0.25
1881370855,18,1,0.0,0.0,0.0,0.6471
1881472927,18,1,0.0303,0.0,0.0,0.7576
1882376351,18,1,0.0129,0.0,0.0,0.6516
1882420475,18,1,0.0,0.0118,0.0,0.5765
1882424551,39,1,0.0,0.0,0.0256,0.4103
1882457375,34,1,0.0,0.0455,0.0455,0.5
1884012660,15,1,0.0,0.0,0.0,0.4706
1884844837,18,0,0.0385,0.0,0.0,0.6538
1885240003,18,1,0.1047,0.0144,0.0144,0.4982
1886276247,49,0,0.0364,0.0,0.0182,0.3273
1887142294,38,0,0.0779,0.013,0.0,0.5584
1888131994,18,1,0.0179,0.0,0.0,0.6548
1888258710,18,0,0.0704,0.0282,0.0,0.5915
1888822253,18,1,0.0606,0.0,0.0,0.6364
1888982131,35,1,0.0577,0.0,0.0,0.2692
1890790382,34,1,0.0448,0.0299,0.0,0.3731
1891113160,40,1,0.0588,0.0,0.0,0.1765
1891128981,18,0,0.0,0.0,0.0,0.619
1891491621,38,0,0.075,0.0,0.0,0.225
1892012045,35,1,0.0,0.0,0.0,0.5098
1896038375,18,1,0.0,0.0625,0.0,0.5
1896519113,15,1,0.0,0.0278,0.0,0.6806
1896580327,18,1,0.0177,0.0,0.0088,0.6814
1897227123,18,0,0.0952,0.0476,0.0,0.5238
1900060183,58,0,0.2167,0.0,0.0,0.0833
1902047524,34,1,0.0769,0.0,0.0,0.3258
1904302531,40,1,0.1585,0.0,0.0,0.2683
1905167855,18,1,0.0246,0.0,0.0,0.67
1907515543,18,1,0.0233,0.0116,0.0233,0.3837
1908185367,65,1,0.1111,0.0,0.0,0.4444
1909005363,45,0,0.1875,0.0,0.0625,0.4375
1909530105,60,0,0.4103,0.0,0.0256,0.0769
1909664975,18,1,0.0645,0.0,0.0,0.5806
1910082085,18,0,0.0333,0.0333,0.0,0.3667
1911632423,18,1,0.0,0.0286,0.0286,0.6286
1914413847,37,0,0.0154,0.0,0.1846,0.3231
1915055597,18,1,0.0448,0.0448,0.0,0.4627
1915363535,50,0,0.0,0.0,0.0,0.2222
1915943061,39,0,0.029,0.0,0.0435,0.4783
1916243251,37,1,0.0625,0.0,0.0,0.5833
1919107017,18,1,0.0044,0.0088,0.0044,0.6947
1919811310,18,0,0.0385,0.0,0.0385,0.4808
1920874144,18,1,0.0,0.0,0.0,0.6667
1921291201,18,0,0.0174,0.0,0.0,0.7304
1922877380,18,0,0.0581,0.0116,0.0233,0.5349
1925356271,18,1,0.0385,0.0,0.0,0.5385
1927544471,40,0,0.0952,0.0,0.0,0.381
1927633355,44,0,0.0,0.0,0.0,0.1818
1931399405,18,0,0.0,0.0,0.0213,0.5106
1932129945,18,0,0.0606,0.0303,0.0303,0.697
1932420507,45,0,0.0,0.0,0.0,0.48
1938475463,18,1,0.0,0.02,0.0,0.68
1938933783,37,0,0.1144,0.0,0.0098,0.2647
1939062263,50,0,0.0811,0.0,0.0068,0.3919
1939482903,55,0,0.0036,0.0036,0.0036,0.3656
1941058317,46,0,0.028,0.0093,0.0,0.1776
1946026911,18,1,0.04,0.0,0.0,0.56
1947660183,16,0,0.0658,0.0,0.0,0.4737
1950623642,45,0,0.0385,0.0,0.0,0.3462
1951215557,34,1,0.0224,0.0,0.0037,0.4851
1954661785,46,0,0.0,0.0,0.0323,0.8387
1957594655,57,0,0.0448,0.0149,0.0,0.4179
1959328663,18,1,0.102,0.0102,0.0,0.5816
1961301741,38,1,0.0,0.0455,0.0,0.4545
1962994423,15,1,0.0588,0.0,0.0,0.4412
1963979123,18,0,0.1,0.025,0.0,0.525
1964650291,18,0,0.0175,0.0,0.0,0.5789
1965461185,18,0,0.0,0.0,0.0,0.6333
1966976923,18,1,0.0236,0.0315,0.0,0.6693
1968523893,41,0,0.0185,0.0,0.037,0.5
1969842333,36,1,0.0541,0.0,0.027,0.4324
1970039533,44,1,0.0303,0.0152,0.0152,0.3333
1970704281,18,1,0.0286,0.0286,0.0,0.2857
1973108634,40,0,0.0189,0.0,0.0189,0.4151
1973315575,35,1,0.0119,0.0119,0.0,0.7202
1989132143,53,0,0.0,0.0,0.0417,0.7083
1992291053,36,1,0.0303,0.0,0.0,0.4242
1993047961,18,0,0.0405,0.0,0.0,0.4459
1993412594,34,1,0.0,0.0,0.0,0.4
1996065813,34,1,0.0,0.0263,0.0,0.6579
1997417675,34,1,0.1096,0.0,0.0,0.3699
2002343115,41,1,0.0408,0.0204,0.0,0.551
2005746373,16,0,0.0781,0.0,0.0156,0.6406
2009507272,45,0,0.1961,0.0,0.0,0.1569
2011036311,52,1,0.0857,0.0143,0.0571,0.4714
2016287685,40,1,0.019,0.0,0.0,0.7152
2020573421,16,0,0.0556,0.0,0.0,0.6667
2028844437,18,0,0.0256,0.0,0.0256,0.5897
2032375287,40,0,0.1714,0.0,0.0,0.3
2036786580,41,0,0.0938,0.0,0.0313,0.1875
2047642861,18,0,0.0,0.0,0.0,0.7456
2049774453,18,0,0.044,0.0,0.0,0.5165
2053233567,39,0,0.0,0.0,0.0,0.4773
2070586567,18,0,0.0488,0.0,0.0,0.3415
2081369203,34,1,0.2414,0.0345,0.0,0.1034
2082846361,34,1,0.0694,0.0,0.0,0.3542
2089114875,37,1,0.1111,0.0,0.0,0.3889
2089386471,69,1,0.0,0.0,0.0,0.8889
2090381207,15,1,0.0187,0.0,0.028,0.7477
2090903453,15,1,0.0217,0.0,0.0087,0.6522
2101685404,34,1,0.1364,0.0,0.0909,0.2727
2102938865,39,0,0.0,0.0,0.0435,0.6522
2110303027,43,0,0.0221,0.0,0.0074,0.3382
2120146427,41,0,0.0761,0.0,0.0,0.4239
2125275897,34,1,0.08,0.0,0.0,0.44
2129393900,53,0,0.0376,0.0,0.0,0.391
2131450053,43,0,0.0128,0.0,0.0,0.3617
2146154253,38,1,0.1667,0.0,0.0,0.1
2150119071,43,0,0.1087,0.0,0.0,0.2065
2152402680,15,1,0.0,0.0,0.0,0.6667
2176195992,40,0,0.0,0.0,0.0,0.5122
2182656807,15,1,0.0177,0.0,0.0,0.3982
2183951764,36,1,0.2364,0.0242,0.0121,0.1576
2188962854,49,0,0.0101,0.0,0.0,0.4141
2191145713,34,1,0.0,0.0,0.0,0.7121
2204909771,41,0,0.213,0.0093,0.0185,0.1852
2209575624,59,0,0.0,0.0,0.0909,0.5152
2210785742,15,1,0.0,0.0,0.0,0.4483
2212959647,48,1,0.0,0.0,0.0,0.7895
2219754783,35,1,0.1983,0.0,0.0086,0.2931
2219799024,34,1,0.0,0.0,0.0196,0.6471
2240305903,37,1,0.3709,0.0066,0.0,0.053
2241613047,46,1,0.0377,0.0,0.0,0.3585
2241983690,59,0,0.0,0.0,0.0345,0.5862
2249442297,37,0,0.0806,0.0,0.0,0.2419
2250046402,40,0,0.0714,0.0,0.0,0.1143
2251330677,39,0,0.0702,0.0,0.0175,0.4912
2257949340,36,1,0.0455,0.0,0.0195,0.2597
2258891250,38,1,0.0156,0.0,0.0078,0.4708
2263121687,37,1,0.0,0.0,0.0,0.9444
2266464277,53,1,0.0294,0.0,0.0294,0.5588
2273256904,51,0,0.0,0.0,0.0,0.3235
2277048692,73,0,0.0,0.0,0.0,0.6129
2283682043,45,0,0.0,0.0,0.0,0.4375
2286264984,36,1,0.0635,0.0317,0.0159,0.5714
2286414794,36,1,0.3944,0.0423,0.0141,0.0563
2286512275,47,1,0.0451,0.0,0.0,0.1353
2291497370,51,1,0.0104,0.0,0.0,0.5625
2294037705,38,1,0.1429,0.0,0.0476,0.2857
2297807611,39,1,0.0938,0.0313,0.0313,0.4688
2308854037,45,0,0.1714,0.0,0.0,0.1143
2313004744,39,1,0.3026,0.0263,0.0132,0.1053
2317286130,43,0,0.05,0.0,0.0,0.35
2318303473,52,0,0.0,0.0,0.0,0.7264
2340108181,39,1,0.0323,0.0108,0.0,0.6344
2345223887,37,0,0.0119,0.0,0.0,0.4167
2354658202,56,0,0.0227,0.0,0.0,0.5682
2355826325,50,1,0.0952,0.0,0.0,0.2857
2360574870,40,0,0.0667,0.0,0.0,0.2833
2361434263,35,1,0.0179,0.0,0.0,0.375
2368440567,49,0,0.0625,0.0,0.0,0.3542
2370807154,42,1,0.0286,0.0,0.0,0.6857
2373790613,13,1,0.0408,0.0,0.0,0.5918
2397247895,37,1,0.0146,0.0,0.0,0.6861
2398532077,51,0,0.0667,0.0,0.0,0.2444
2398813895,39,1,0.2889,0.0,0.0222,0.0889
2404372851,40,1,0.04,0.0,0.0,0.44
2405934584,40,1,0.0952,0.0,0.0,0.2857
2411224077,36,1,0.0588,0.0,0.0,0.3529
2415571610,53,0,0.0448,0.0149,0.0149,0.3134
2416122312,49,0,0.1081,0.0,0.0,0.7568
2420060397,40,0,0.0,0.0,0.0,0.4211
2420212210,45,0,0.0323,0.0,0.0,0.3387
2421007591,43,1,0.2667,0.0222,0.0,0.1111
2428908751,45,0,0.1212,0.0,0.0,0.3939
2430087463,37,0,0.027,0.0,0.0,0.3514
2441698462,35,1,0.0198,0.0,0.0,0.4257
2451945672,48,1,0.0,0.0,0.0,0.4167
2456626550,41,0,0.0094,0.0,0.0189,0.4623
2466194982,35,1,0.2364,0.0182,0.0364,0.3636
2474816623,38,1,0.0303,0.0,0.0,0.5
2487863411,40,1,0.0185,0.0,0.0,0.463
2492064415,41,1,0.2923,0.0154,0.0154,0.1231
2495191063,48,0,0.12,0.0,0.0,0.32
2496915355,37,1,0.0924,0.0,0.0,0.2101
2505919985,44,0,0.0816,0.0,0.0068,0.3061
2518466195,44,0,0.1224,0.0,0.0102,0.5
2531541285,41,0,0.0562,0.0,0.0,0.2809
2536256750,39,0,0.375,0.0,0.0,0.2083
2559254512,45,0,0.0851,0.0213,0.0213,0.2553
2603100447,43,0,0.0,0.0,0.0625,0.25
2618486724,43,0,0.0179,0.0089,0.0,0.5
2630647963,43,0,0.0,0.0,0.0,0.3772
2644040910,44,0,0.2384,0.0,0.0058,0.2151
2679931890,49,0,0.0833,0.0,0.0,0.25
2707840662,38,1,0.0333,0.0,0.0,0.5333
2721942680,37,1,0.1429,0.0,0.0,0.1429
2758399481,50,1,0.4118,0.0588,0.0,0.0
2853804994,36,1,0.0,0.0,0.0,0.5714
2935736435,65,0,0.0741,0.0,0.0,0.1481
3036391661,37,1,0.119,0.0238,0.0,0.5238
3166191647,40,0,0.0115,0.0,0.0,0.5402
3227824833,37,0,0.12,0.0,0.0,0.28
3254252017,45,0,0.05,0.0,0.0,0.275
3758988661,39,1,0.3649,0.0,0.0,0.0743
3824472470,46,1,0.0241,0.006,0.006,0.4458
